[{"fields": {"website": "", "prelim": 90.0, "baritone": "", "name": "Musical Island Boys", "lead": "", "picture": "", "director": "", "phone": "", "district": "NZABS", "facebook": "", "location": "", "tenor": "", "contestant_type": 1, "slug": "musical-island-boys", "bass": ""}, "model": "convention.contestant", "pk": 55}, {"fields": {"website": "", "prelim": 87.3, "baritone": "", "name": "A Mighty Wind", "lead": "", "picture": "", "director": "", "phone": "", "district": "DIX", "facebook": "", "location": "", "tenor": "", "contestant_type": 1, "slug": "a-mighty-wind", "bass": ""}, "model": "convention.contestant", "pk": 56}, {"fields": {"website": "", "prelim": 86.9, "baritone": "", "name": "Main Street", "lead": "", "picture": "", "director": "", "phone": "", "district": "SUN", "facebook": "", "location": "", "tenor": "", "contestant_type": 1, "slug": "main-street", "bass": ""}, "model": "convention.contestant", "pk": 57}, {"fields": {"website": "", "prelim": 86.6, "baritone": "", "name": "Lemon Squeezy", "lead": "", "picture": "", "director": "", "phone": "", "district": "SNOBS", "facebook": "", "location": "", "tenor": "", "contestant_type": 1, "slug": "lemon-squeezy", "bass": ""}, "model": "convention.contestant", "pk": 58}, {"fields": {"website": "", "prelim": 86.4, "baritone": "", "name": "The Crush", "lead": "", "picture": "", "director": "", "phone": "", "district": "FWD", "facebook": "", "location": "", "tenor": "", "contestant_type": 1, "slug": "the-crush", "bass": ""}, "model": "convention.contestant", "pk": 59}, {"fields": {"website": "", "prelim": 85.8, "baritone": "", "name": "Forefront", "lead": "", "picture": "", "director": "", "phone": "", "district": "CAR", "facebook": "", "location": "", "tenor": "", "contestant_type": 1, "slug": "forefront", "bass": ""}, "model": "convention.contestant", "pk": 60}, {"fields": {"website": "", "prelim": 85.2, "baritone": "", "name": "After Hours", "lead": "", "picture": "", "director": "", "phone": "", "district": "ILL", "facebook": "", "location": "", "tenor": "", "contestant_type": 1, "slug": "after-hours", "bass": ""}, "model": "convention.contestant", "pk": 61}, {"fields": {"website": "", "prelim": 85.1, "baritone": "", "name": "TNS", "lead": "", "picture": "", "director": "", "phone": "", "district": "DIX", "facebook": "", "location": "", "tenor": "", "contestant_type": 1, "slug": "tns", "bass": ""}, "model": "convention.contestant", "pk": 62}, {"fields": {"website": "", "prelim": 84.9, "baritone": "", "name": "Throwback", "lead": "", "picture": "", "director": "", "phone": "", "district": "SUN", "facebook": "", "location": "", "tenor": "", "contestant_type": 1, "slug": "throwback", "bass": ""}, "model": "convention.contestant", "pk": 63}, {"fields": {"website": "", "prelim": 84.1, "baritone": "", "name": "Instant Classic", "lead": "", "picture": "", "director": "", "phone": "", "district": "CAR", "facebook": "", "location": "", "tenor": "", "contestant_type": 1, "slug": "instant-classic", "bass": ""}, "model": "convention.contestant", "pk": 64}, {"fields": {"website": "", "prelim": 84.1, "baritone": "", "name": "Artistic License", "lead": "", "picture": "", "director": "", "phone": "", "district": "FWD", "facebook": "", "location": "", "tenor": "", "contestant_type": 1, "slug": "artistic-license", "bass": ""}, "model": "convention.contestant", "pk": 65}, {"fields": {"website": "", "prelim": 83.9, "baritone": "", "name": "Men In Black", "lead": "", "picture": "", "director": "", "phone": "", "district": "NED", "facebook": "", "location": "", "tenor": "", "contestant_type": 1, "slug": "men-in-black", "bass": ""}, "model": "convention.contestant", "pk": 66}, {"fields": {"website": "", "prelim": 83.6, "baritone": "", "name": "Da Capo", "lead": "", "picture": "", "director": "", "phone": "", "district": "MAD", "facebook": "", "location": "", "tenor": "", "contestant_type": 1, "slug": "da-capo", "bass": ""}, "model": "convention.contestant", "pk": 67}, {"fields": {"website": "", "prelim": 83.5, "baritone": "", "name": "'Round Midnight", "lead": "", "picture": "", "director": "", "phone": "", "district": "MAD", "facebook": "", "location": "", "tenor": "", "contestant_type": 1, "slug": "round-midnight", "bass": ""}, "model": "convention.contestant", "pk": 68}, {"fields": {"website": "", "prelim": 82.3, "baritone": "", "name": "Hot Air Buffoons", "lead": "", "picture": "", "director": "", "phone": "", "district": "JAD", "facebook": "", "location": "", "tenor": "", "contestant_type": 1, "slug": "hot-air-buffoons", "bass": ""}, "model": "convention.contestant", "pk": 69}, {"fields": {"website": "", "prelim": 82.3, "baritone": "", "name": "Newfangled Four", "lead": "", "picture": "", "director": "", "phone": "", "district": "FWD", "facebook": "", "location": "", "tenor": "", "contestant_type": 1, "slug": "newfangled-four", "bass": ""}, "model": "convention.contestant", "pk": 70}, {"fields": {"website": "", "prelim": 81.6, "baritone": "", "name": "Premium Blend", "lead": "", "picture": "", "director": "", "phone": "", "district": "CSD", "facebook": "", "location": "", "tenor": "", "contestant_type": 1, "slug": "premium-blend", "bass": ""}, "model": "convention.contestant", "pk": 71}, {"fields": {"website": "", "prelim": 81.5, "baritone": "", "name": "Frank the Dog", "lead": "", "picture": "", "director": "", "phone": "", "district": "MAD", "facebook": "", "location": "", "tenor": "", "contestant_type": 1, "slug": "frank-the-dog", "bass": ""}, "model": "convention.contestant", "pk": 72}, {"fields": {"website": "", "prelim": 81.4, "baritone": "", "name": "McPhly", "lead": "", "picture": "", "director": "", "phone": "", "district": "FWD", "facebook": "", "location": "", "tenor": "", "contestant_type": 1, "slug": "mcphly", "bass": ""}, "model": "convention.contestant", "pk": 73}, {"fields": {"website": "", "prelim": 80.6, "baritone": "", "name": "Lunch Break", "lead": "", "picture": "", "director": "", "phone": "", "district": "DIX", "facebook": "", "location": "", "tenor": "", "contestant_type": 1, "slug": "lunch-break", "bass": ""}, "model": "convention.contestant", "pk": 74}, {"fields": {"website": "", "prelim": 80.5, "baritone": "", "name": "95 North", "lead": "", "picture": "", "director": "", "phone": "", "district": "FWD", "facebook": "", "location": "", "tenor": "", "contestant_type": 1, "slug": "95-north", "bass": ""}, "model": "convention.contestant", "pk": 75}, {"fields": {"website": "", "prelim": 80.3, "baritone": "", "name": "Bonus Track", "lead": "", "picture": "", "director": "", "phone": "", "district": "SWD", "facebook": "", "location": "", "tenor": "", "contestant_type": 1, "slug": "bonus-track", "bass": ""}, "model": "convention.contestant", "pk": 76}, {"fields": {"website": "", "prelim": 80.2, "baritone": "", "name": "BSQ", "lead": "", "picture": "", "director": "", "phone": "", "district": "MAD", "facebook": "", "location": "", "tenor": "", "contestant_type": 1, "slug": "bsq", "bass": ""}, "model": "convention.contestant", "pk": 77}, {"fields": {"website": "", "prelim": 80.0, "baritone": "", "name": "3 Men & A Melody", "lead": "", "picture": "", "director": "", "phone": "", "district": "CSD", "facebook": "", "location": "", "tenor": "", "contestant_type": 1, "slug": "3-men-and-a-melody", "bass": ""}, "model": "convention.contestant", "pk": 78}, {"fields": {"website": "", "prelim": 79.9, "baritone": "", "name": "Common Core", "lead": "", "picture": "", "director": "", "phone": "", "district": "JAD", "facebook": "", "location": "", "tenor": "", "contestant_type": 1, "slug": "common-core", "bass": ""}, "model": "convention.contestant", "pk": 79}, {"fields": {"website": "", "prelim": 79.7, "baritone": "", "name": "Gimme Four", "lead": "", "picture": "", "director": "", "phone": "", "district": "MAD", "facebook": "", "location": "", "tenor": "", "contestant_type": 1, "slug": "gimme-four", "bass": ""}, "model": "convention.contestant", "pk": 80}, {"fields": {"website": "", "prelim": 79.2, "baritone": "", "name": "Trocadero", "lead": "", "picture": "", "director": "", "phone": "", "district": "SNOBS", "facebook": "", "location": "", "tenor": "", "contestant_type": 1, "slug": "trocadero", "bass": ""}, "model": "convention.contestant", "pk": 81}, {"fields": {"website": "", "prelim": 79.0, "baritone": "", "name": "Q Tones", "lead": "", "picture": "", "director": "", "phone": "", "district": "SNOBS", "facebook": "", "location": "", "tenor": "", "contestant_type": 1, "slug": "q-tones", "bass": ""}, "model": "convention.contestant", "pk": 82}, {"fields": {"website": "", "prelim": 79.0, "baritone": "", "name": "GQ", "lead": "", "picture": "", "director": "", "phone": "", "district": "LOL", "facebook": "", "location": "", "tenor": "", "contestant_type": 1, "slug": "gq", "bass": ""}, "model": "convention.contestant", "pk": 83}, {"fields": {"website": "", "prelim": 78.5, "baritone": "", "name": "Sold Out", "lead": "", "picture": "", "director": "", "phone": "", "district": "EVG", "facebook": "", "location": "", "tenor": "", "contestant_type": 1, "slug": "sold-out", "bass": ""}, "model": "convention.contestant", "pk": 84}, {"fields": {"website": "", "prelim": 78.4, "baritone": "", "name": "TLA", "lead": "", "picture": "", "director": "", "phone": "", "district": "BHA", "facebook": "", "location": "", "tenor": "", "contestant_type": 1, "slug": "tla", "bass": ""}, "model": "convention.contestant", "pk": 85}, {"fields": {"website": "", "prelim": 78.2, "baritone": "", "name": "Reckless", "lead": "", "picture": "", "director": "", "phone": "", "district": "BABS", "facebook": "", "location": "", "tenor": "", "contestant_type": 1, "slug": "reckless", "bass": ""}, "model": "convention.contestant", "pk": 86}, {"fields": {"website": "", "prelim": 78.0, "baritone": "", "name": "Absolut", "lead": "", "picture": "", "director": "", "phone": "", "district": "SNOBS", "facebook": "", "location": "", "tenor": "", "contestant_type": 1, "slug": "absolut", "bass": ""}, "model": "convention.contestant", "pk": 87}, {"fields": {"website": "", "prelim": 77.5, "baritone": "", "name": "Stockholm Syndrome", "lead": "", "picture": "", "director": "", "phone": "", "district": "SNOBS", "facebook": "", "location": "", "tenor": "", "contestant_type": 1, "slug": "stockholm-syndrome", "bass": ""}, "model": "convention.contestant", "pk": 88}, {"fields": {"website": "", "prelim": 77.4, "baritone": "", "name": "The Society", "lead": "", "picture": "", "director": "", "phone": "", "district": "SUN", "facebook": "", "location": "", "tenor": "", "contestant_type": 1, "slug": "the-society", "bass": ""}, "model": "convention.contestant", "pk": 89}, {"fields": {"website": "", "prelim": 77.3, "baritone": "", "name": "Madison Park", "lead": "", "picture": "", "director": "", "phone": "", "district": "EVG", "facebook": "", "location": "", "tenor": "", "contestant_type": 1, "slug": "madison-park", "bass": ""}, "model": "convention.contestant", "pk": 90}, {"fields": {"website": "", "prelim": 77.2, "baritone": "", "name": "Spoiler Alert", "lead": "", "picture": "", "director": "", "phone": "", "district": "SWD", "facebook": "", "location": "", "tenor": "", "contestant_type": 1, "slug": "spoiler-alert", "bass": ""}, "model": "convention.contestant", "pk": 91}, {"fields": {"website": "", "prelim": 77.2, "baritone": "", "name": "Blueprint", "lead": "", "picture": "", "director": "", "phone": "", "district": "JAD", "facebook": "", "location": "", "tenor": "", "contestant_type": 1, "slug": "blueprint", "bass": ""}, "model": "convention.contestant", "pk": 92}, {"fields": {"website": "", "prelim": 77.2, "baritone": "", "name": "Up All Night", "lead": "", "picture": "", "director": "", "phone": "", "district": "MAD", "facebook": "", "location": "", "tenor": "", "contestant_type": 1, "slug": "up-all-night", "bass": ""}, "model": "convention.contestant", "pk": 93}, {"fields": {"website": "", "prelim": 77.2, "baritone": "", "name": "Momma's Boys", "lead": "", "picture": "", "director": "", "phone": "", "district": "EVG", "facebook": "", "location": "", "tenor": "", "contestant_type": 1, "slug": "mommas-boys", "bass": ""}, "model": "convention.contestant", "pk": 94}, {"fields": {"website": "", "prelim": 77.1, "baritone": "", "name": "Vocal Edition", "lead": "", "picture": "", "director": "", "phone": "", "district": "FWD", "facebook": "", "location": "", "tenor": "", "contestant_type": 1, "slug": "vocal-edition", "bass": ""}, "model": "convention.contestant", "pk": 95}, {"fields": {"website": "", "prelim": 77.1, "baritone": "", "name": "Mayhem", "lead": "", "picture": "", "director": "", "phone": "", "district": "MAD", "facebook": "", "location": "", "tenor": "", "contestant_type": 1, "slug": "mayhem", "bass": ""}, "model": "convention.contestant", "pk": 96}, {"fields": {"website": "", "prelim": 76.9, "baritone": "", "name": "The Con Men", "lead": "", "picture": "", "director": "", "phone": "", "district": "JAD", "facebook": "", "location": "", "tenor": "", "contestant_type": 1, "slug": "the-con-men", "bass": ""}, "model": "convention.contestant", "pk": 97}, {"fields": {"website": "", "prelim": 76.6, "baritone": "", "name": "American Pastime", "lead": "", "picture": "", "director": "", "phone": "", "district": "FWD", "facebook": "", "location": "", "tenor": "", "contestant_type": 1, "slug": "american-pastime", "bass": ""}, "model": "convention.contestant", "pk": 98}, {"fields": {"website": "", "prelim": 76.3, "baritone": "", "name": "Test Drive", "lead": "", "picture": "", "director": "", "phone": "", "district": "ONT", "facebook": "", "location": "", "tenor": "", "contestant_type": 1, "slug": "test-drive", "bass": ""}, "model": "convention.contestant", "pk": 99}, {"fields": {"website": "", "prelim": 76.2, "baritone": "", "name": "Downtown Crossing", "lead": "", "picture": "", "director": "", "phone": "", "district": "NED", "facebook": "", "location": "", "tenor": "", "contestant_type": 1, "slug": "downtown-crossing", "bass": ""}, "model": "convention.contestant", "pk": 100}, {"fields": {"website": "", "prelim": 76.3, "baritone": "", "name": "Jam Session", "lead": "", "picture": "", "director": "", "phone": "", "district": "JAD", "facebook": "", "location": "", "tenor": "", "contestant_type": 1, "slug": "jam-session", "bass": ""}, "model": "convention.contestant", "pk": 101}, {"fields": {"website": "", "prelim": 76.2, "baritone": "", "name": "MC4", "lead": "", "picture": "", "director": "", "phone": "", "district": "DIX", "facebook": "", "location": "", "tenor": "", "contestant_type": 1, "slug": "mc4", "bass": ""}, "model": "convention.contestant", "pk": 102}, {"fields": {"website": "", "prelim": 76.2, "baritone": "", "name": "Zero Hour", "lead": "", "picture": "", "director": "", "phone": "", "district": "NSC", "facebook": "", "location": "", "tenor": "", "contestant_type": 1, "slug": "zero-hour", "bass": ""}, "model": "convention.contestant", "pk": 103}, {"fields": {"website": "", "prelim": 76.2, "baritone": "", "name": "Supertonic", "lead": "", "picture": "", "director": "", "phone": "", "district": "ONT", "facebook": "", "location": "", "tenor": "", "contestant_type": 1, "slug": "supertonic", "bass": ""}, "model": "convention.contestant", "pk": 104}, {"fields": {"website": "", "prelim": 76.2, "baritone": "", "name": "Overture", "lead": "", "picture": "", "director": "", "phone": "", "district": "DIX", "facebook": "", "location": "", "tenor": "", "contestant_type": 1, "slug": "overture", "bass": ""}, "model": "convention.contestant", "pk": 105}, {"fields": {"website": "", "prelim": 76.1, "baritone": "", "name": "Grand Design", "lead": "", "picture": "", "director": "", "phone": "", "district": "LOL", "facebook": "", "location": "", "tenor": "", "contestant_type": 1, "slug": "grand-design", "bass": ""}, "model": "convention.contestant", "pk": 106}, {"fields": {"website": "", "prelim": 76.0, "baritone": "", "name": "Last Men Standing", "lead": "", "picture": "", "director": "", "phone": "", "district": "MAD", "facebook": "", "location": "", "tenor": "", "contestant_type": 1, "slug": "last-men-standing", "bass": ""}, "model": "convention.contestant", "pk": 107}, {"fields": {"website": "", "prelim": 75.7, "baritone": "", "name": "Majestyx", "lead": "", "picture": "", "director": "", "phone": "", "district": "PIO", "facebook": "", "location": "", "tenor": "", "contestant_type": 1, "slug": "majestyx", "bass": ""}, "model": "convention.contestant", "pk": 108}, {"fields": {"website": "", "prelim": 74.5, "baritone": "", "name": "Highland Drive", "lead": "", "picture": "", "director": "", "phone": "", "district": "RMD", "facebook": "", "location": "", "tenor": "", "contestant_type": 1, "slug": "highland-drive", "bass": ""}, "model": "convention.contestant", "pk": 109}, {"fields": {"website": "", "prelim": 73.4, "baritone": "", "name": "Fusion", "lead": "", "picture": "", "director": "", "phone": "", "district": "SLD", "facebook": "", "location": "", "tenor": "", "contestant_type": 1, "slug": "fusion", "bass": ""}, "model": "convention.contestant", "pk": 110}, {"fields": {"website": "", "prelim": 76.0, "baritone": "", "name": "Salty Dog", "lead": "", "picture": "", "director": "", "phone": "", "district": "CSD", "facebook": "", "location": "", "tenor": "", "contestant_type": 1, "slug": "salty-dog", "bass": ""}, "model": "convention.contestant", "pk": 111}, {"fields": {"website": "", "prelim": 93.9, "baritone": "", "name": "Vocal Majority", "lead": "", "picture": "", "director": "", "phone": "", "district": "SWD", "facebook": "", "location": "", "tenor": "", "contestant_type": 2, "slug": "vocal-majority", "bass": ""}, "model": "convention.contestant", "pk": 112}, {"fields": {"website": "", "prelim": 91.4, "baritone": "", "name": "Masters of Harmony", "lead": "", "picture": "", "director": "", "phone": "", "district": "FWD", "facebook": "", "location": "", "tenor": "", "contestant_type": 2, "slug": "masters-of-harmony", "bass": ""}, "model": "convention.contestant", "pk": 113}, {"fields": {"website": "", "prelim": 89.4, "baritone": "", "name": "Great Northern Union", "lead": "", "picture": "", "director": "", "phone": "", "district": "LOL", "facebook": "", "location": "", "tenor": "", "contestant_type": 2, "slug": "great-northern-union", "bass": ""}, "model": "convention.contestant", "pk": 114}, {"fields": {"website": "", "prelim": 89.4, "baritone": "", "name": "Zero8", "lead": "", "picture": "", "director": "", "phone": "", "district": "SNOBS", "facebook": "", "location": "", "tenor": "", "contestant_type": 2, "slug": "zero8", "bass": ""}, "model": "convention.contestant", "pk": 115}, {"fields": {"website": "", "prelim": 88.8, "baritone": "", "name": "Sound of the Rockies", "lead": "", "picture": "", "director": "", "phone": "", "district": "RMD", "facebook": "", "location": "", "tenor": "", "contestant_type": 2, "slug": "sound-of-the-rockies", "bass": ""}, "model": "convention.contestant", "pk": 116}, {"fields": {"website": "", "prelim": 87.9, "baritone": "", "name": "KVU", "lead": "", "picture": "", "director": "", "phone": "", "district": "CAR", "facebook": "", "location": "", "tenor": "", "contestant_type": 2, "slug": "kvu", "bass": ""}, "model": "convention.contestant", "pk": 117}, {"fields": {"website": "", "prelim": 86.0, "baritone": "", "name": "The Alliance", "lead": "", "picture": "", "director": "", "phone": "", "district": "JAD", "facebook": "", "location": "", "tenor": "", "contestant_type": 2, "slug": "the-alliance", "bass": ""}, "model": "convention.contestant", "pk": 118}, {"fields": {"website": "", "prelim": 85.9, "baritone": "", "name": "Central Standard", "lead": "", "picture": "", "director": "", "phone": "", "district": "CSD", "facebook": "", "location": "", "tenor": "", "contestant_type": 2, "slug": "central-standard", "bass": ""}, "model": "convention.contestant", "pk": 119}, {"fields": {"website": "", "prelim": 85.8, "baritone": "", "name": "Music City Chorus", "lead": "", "picture": "", "director": "", "phone": "", "district": "DIX", "facebook": "", "location": "", "tenor": "", "contestant_type": 2, "slug": "music-city-chorus", "bass": ""}, "model": "convention.contestant", "pk": 120}, {"fields": {"website": "", "prelim": 84.7, "baritone": "", "name": "Vocal FX", "lead": "", "picture": "", "director": "", "phone": "", "district": "NZABS", "facebook": "", "location": "", "tenor": "", "contestant_type": 2, "slug": "vocal-fx", "bass": ""}, "model": "convention.contestant", "pk": 121}, {"fields": {"website": "", "prelim": 83.7, "baritone": "", "name": "Voices of Gotham", "lead": "", "picture": "", "director": "", "phone": "", "district": "MAD", "facebook": "", "location": "", "tenor": "", "contestant_type": 2, "slug": "voices-of-gotham", "bass": ""}, "model": "convention.contestant", "pk": 122}, {"fields": {"website": "", "prelim": 83.6, "baritone": "", "name": "Pathfinder Chorus", "lead": "", "picture": "", "director": "", "phone": "", "district": "CSD", "facebook": "", "location": "", "tenor": "", "contestant_type": 2, "slug": "pathfinder-chorus", "bass": ""}, "model": "convention.contestant", "pk": 123}, {"fields": {"website": "", "prelim": 83.5, "baritone": "", "name": "Atlanta Vocal Project", "lead": "", "picture": "", "director": "", "phone": "", "district": "DIX", "facebook": "", "location": "", "tenor": "", "contestant_type": 2, "slug": "atlanta-vocal-project", "bass": ""}, "model": "convention.contestant", "pk": 124}, {"fields": {"website": "", "prelim": 83.2, "baritone": "", "name": "THX", "lead": "", "picture": "", "director": "", "phone": "", "district": "SUN", "facebook": "", "location": "", "tenor": "", "contestant_type": 2, "slug": "thx", "bass": ""}, "model": "convention.contestant", "pk": 125}, {"fields": {"website": "", "prelim": 82.8, "baritone": "", "name": "Sound of Illinois", "lead": "", "picture": "", "director": "", "phone": "", "district": "ILL", "facebook": "", "location": "", "tenor": "", "contestant_type": 2, "slug": "sound-of-illinois", "bass": ""}, "model": "convention.contestant", "pk": 126}, {"fields": {"website": "", "prelim": 82.7, "baritone": "", "name": "Vocal Evolution", "lead": "", "picture": "", "director": "", "phone": "", "district": "BHA", "facebook": "", "location": "", "tenor": "", "contestant_type": 2, "slug": "vocal-evolution", "bass": ""}, "model": "convention.contestant", "pk": 127}, {"fields": {"website": "", "prelim": 82.6, "baritone": "", "name": "Houston Tidelanders", "lead": "", "picture": "", "director": "", "phone": "", "district": "SWD", "facebook": "", "location": "", "tenor": "", "contestant_type": 2, "slug": "houston-tidelanders", "bass": ""}, "model": "convention.contestant", "pk": 128}, {"fields": {"website": "", "prelim": 82.6, "baritone": "", "name": "New Tradition", "lead": "", "picture": "", "director": "", "phone": "", "district": "ILL", "facebook": "", "location": "", "tenor": "", "contestant_type": 2, "slug": "new-tradition", "bass": ""}, "model": "convention.contestant", "pk": 129}, {"fields": {"website": "", "prelim": 82.1, "baritone": "", "name": "Voices in Harmony", "lead": "", "picture": "", "director": "", "phone": "", "district": "FWD", "facebook": "", "location": "", "tenor": "", "contestant_type": 2, "slug": "voices-in-harmony", "bass": ""}, "model": "convention.contestant", "pk": 130}, {"fields": {"website": "", "prelim": 81.8, "baritone": "", "name": "Men of Independence", "lead": "", "picture": "", "director": "", "phone": "", "district": "JAD", "facebook": "", "location": "", "tenor": "", "contestant_type": 2, "slug": "men-of-independence", "bass": ""}, "model": "convention.contestant", "pk": 131}, {"fields": {"website": "", "prelim": 80.9, "baritone": "", "name": "Saltaires", "lead": "", "picture": "", "director": "", "phone": "", "district": "RMD", "facebook": "", "location": "", "tenor": "", "contestant_type": 2, "slug": "saltaires", "bass": ""}, "model": "convention.contestant", "pk": 132}, {"fields": {"website": "", "prelim": 80.8, "baritone": "", "name": "Southern Gateway Chorus", "lead": "", "picture": "", "director": "", "phone": "", "district": "", "facebook": "", "location": "", "tenor": "", "contestant_type": 2, "slug": "southern-gateway-chorus", "bass": ""}, "model": "convention.contestant", "pk": 133}, {"fields": {"website": "", "prelim": 80.8, "baritone": "", "name": "Spirit of Phoenix", "lead": "", "picture": "", "director": "", "phone": "", "district": "FWD", "facebook": "", "location": "", "tenor": "", "contestant_type": 2, "slug": "spirit-of-phoenix", "bass": ""}, "model": "convention.contestant", "pk": 134}, {"fields": {"website": "", "prelim": 80.7, "baritone": "", "name": "Voices of California", "lead": "", "picture": "", "director": "", "phone": "", "district": "FWD", "facebook": "", "location": "", "tenor": "", "contestant_type": 2, "slug": "voices-of-california", "bass": ""}, "model": "convention.contestant", "pk": 135}, {"fields": {"website": "", "prelim": 80.5, "baritone": "", "name": "Entertainmen", "lead": "", "picture": "", "director": "", "phone": "", "district": "SNOBS", "facebook": "", "location": "", "tenor": "", "contestant_type": 2, "slug": "entertainmen", "bass": ""}, "model": "convention.contestant", "pk": 136}, {"fields": {"website": "", "prelim": 80.5, "baritone": "", "name": "Senate-Aires", "lead": "", "picture": "", "director": "", "phone": "", "district": "EVG", "facebook": "", "location": "", "tenor": "", "contestant_type": 2, "slug": "senate-aires", "bass": ""}, "model": "convention.contestant", "pk": 137}, {"fields": {"website": "", "prelim": 79.5, "baritone": "", "name": "Cottontown Chorus", "lead": "", "picture": "", "director": "", "phone": "", "district": "BABS", "facebook": "", "location": "", "tenor": "", "contestant_type": 2, "slug": "cottontown-chorus", "bass": ""}, "model": "convention.contestant", "pk": 138}, {"fields": {"website": "", "prelim": 77.9, "baritone": "", "name": "Harbourtown Sound", "lead": "", "picture": "", "director": "", "phone": "", "district": "ONT", "facebook": "", "location": "", "tenor": "", "contestant_type": 2, "slug": "harbourtown-sound", "bass": ""}, "model": "convention.contestant", "pk": 139}, {"fields": {"website": "", "prelim": 77.1, "baritone": "", "name": "Palmetto Vocal Project", "lead": "", "picture": "", "director": "", "phone": "", "district": "NSC", "facebook": "", "location": "", "tenor": "", "contestant_type": 2, "slug": "palmetto-vocal-project", "bass": ""}, "model": "convention.contestant", "pk": 140}, {"fields": {"website": "", "prelim": 76.3, "baritone": "", "name": "Vocal Revolution", "lead": "", "picture": "", "director": "", "phone": "", "district": "NED", "facebook": "", "location": "", "tenor": "", "contestant_type": 2, "slug": "vocal-revolution", "bass": ""}, "model": "convention.contestant", "pk": 141}, {"fields": {"website": "", "prelim": 74.9, "baritone": "", "name": "Upstate Harmonizers", "lead": "", "picture": "", "director": "", "phone": "", "district": "SLD", "facebook": "", "location": "", "tenor": "", "contestant_type": 2, "slug": "upstate-harmonizers", "bass": ""}, "model": "convention.contestant", "pk": 142}, {"fields": {"website": "", "prelim": 74.0, "baritone": "", "name": "MountainTown Singers", "lead": "", "picture": "", "director": "", "phone": "", "district": "PIO", "facebook": "", "location": "", "tenor": "", "contestant_type": 2, "slug": "mountaintown-singers", "bass": ""}, "model": "convention.contestant", "pk": 143}, {"fields": {"contest_type": 1, "slug": "quartet"}, "model": "convention.contest", "pk": 3}, {"fields": {"contest_type": 2, "slug": "chorus"}, "model": "convention.contest", "pk": 4}, {"fields": {"contest_type": 3, "slug": "collegiate"}, "model": "convention.contest", "pk": 5}, {"fields": {"prs2": null, "contest": 3, "contest_round": 1, "prs1": null, "men_on_stage": null, "appearance": 3, "slug": "musical-island-boys-quarters", "sng2": null, "sng1": null, "mus2": null, "contestant": 55, "mus1": null, "song1": "", "song2": ""}, "model": "convention.performance", "pk": 4}, {"fields": {"prs2": null, "contest": 3, "contest_round": 1, "prs1": null, "men_on_stage": null, "appearance": 34, "slug": "a-mighty-wind-quarters", "sng2": null, "sng1": null, "mus2": null, "contestant": 56, "mus1": null, "song1": "", "song2": ""}, "model": "convention.performance", "pk": 5}, {"fields": {"prs2": null, "contest": 3, "contest_round": 1, "prs1": null, "men_on_stage": null, "appearance": 12, "slug": "main-street-quarters", "sng2": null, "sng1": null, "mus2": null, "contestant": 57, "mus1": null, "song1": "", "song2": ""}, "model": "convention.performance", "pk": 6}, {"fields": {"prs2": null, "contest": 3, "contest_round": 1, "prs1": null, "men_on_stage": null, "appearance": 32, "slug": "lemon-squeezy-quarters", "sng2": null, "sng1": null, "mus2": null, "contestant": 58, "mus1": null, "song1": "", "song2": ""}, "model": "convention.performance", "pk": 7}, {"fields": {"prs2": null, "contest": 3, "contest_round": 1, "prs1": null, "men_on_stage": null, "appearance": 17, "slug": "the-crush-quarters", "sng2": null, "sng1": null, "mus2": null, "contestant": 59, "mus1": null, "song1": "", "song2": ""}, "model": "convention.performance", "pk": 8}, {"fields": {"prs2": null, "contest": 3, "contest_round": 1, "prs1": null, "men_on_stage": null, "appearance": 10, "slug": "forefront-quarters", "sng2": null, "sng1": null, "mus2": null, "contestant": 60, "mus1": null, "song1": "", "song2": ""}, "model": "convention.performance", "pk": 9}, {"fields": {"prs2": null, "contest": 3, "contest_round": 1, "prs1": null, "men_on_stage": null, "appearance": 35, "slug": "after-hours-quarters", "sng2": null, "sng1": null, "mus2": null, "contestant": 61, "mus1": null, "song1": "", "song2": ""}, "model": "convention.performance", "pk": 10}, {"fields": {"prs2": null, "contest": 3, "contest_round": 1, "prs1": null, "men_on_stage": null, "appearance": 24, "slug": "tns-quarters", "sng2": null, "sng1": null, "mus2": null, "contestant": 62, "mus1": null, "song1": "", "song2": ""}, "model": "convention.performance", "pk": 11}, {"fields": {"prs2": null, "contest": 3, "contest_round": 1, "prs1": null, "men_on_stage": null, "appearance": 13, "slug": "throwback-quarters", "sng2": null, "sng1": null, "mus2": null, "contestant": 63, "mus1": null, "song1": "", "song2": ""}, "model": "convention.performance", "pk": 12}, {"fields": {"prs2": null, "contest": 3, "contest_round": 1, "prs1": null, "men_on_stage": null, "appearance": 47, "slug": "instant-classic-quarters", "sng2": null, "sng1": null, "mus2": null, "contestant": 64, "mus1": null, "song1": "", "song2": ""}, "model": "convention.performance", "pk": 13}, {"fields": {"prs2": null, "contest": 3, "contest_round": 1, "prs1": null, "men_on_stage": null, "appearance": 15, "slug": "artistic-license-quarters", "sng2": null, "sng1": null, "mus2": null, "contestant": 65, "mus1": null, "song1": "", "song2": ""}, "model": "convention.performance", "pk": 14}, {"fields": {"prs2": null, "contest": 3, "contest_round": 1, "prs1": null, "men_on_stage": null, "appearance": 46, "slug": "men-in-black-quarters", "sng2": null, "sng1": null, "mus2": null, "contestant": 66, "mus1": null, "song1": "", "song2": ""}, "model": "convention.performance", "pk": 15}, {"fields": {"prs2": null, "contest": 3, "contest_round": 1, "prs1": null, "men_on_stage": null, "appearance": 39, "slug": "hot-air-buffoons-quarters", "sng2": null, "sng1": null, "mus2": null, "contestant": 69, "mus1": null, "song1": "", "song2": ""}, "model": "convention.performance", "pk": 16}, {"fields": {"prs2": null, "contest": 3, "contest_round": 1, "prs1": null, "men_on_stage": null, "appearance": 6, "slug": "premium-blend-quarters", "sng2": null, "sng1": null, "mus2": null, "contestant": 71, "mus1": null, "song1": "", "song2": ""}, "model": "convention.performance", "pk": 17}, {"fields": {"prs2": null, "contest": 3, "contest_round": 1, "prs1": null, "men_on_stage": null, "appearance": 11, "slug": "frank-the-dog-quarters", "sng2": null, "sng1": null, "mus2": null, "contestant": 72, "mus1": null, "song1": "", "song2": ""}, "model": "convention.performance", "pk": 18}, {"fields": {"prs2": null, "contest": 3, "contest_round": 1, "prs1": null, "men_on_stage": null, "appearance": 52, "slug": "mcphly-quarters", "sng2": null, "sng1": null, "mus2": null, "contestant": 73, "mus1": null, "song1": "", "song2": ""}, "model": "convention.performance", "pk": 19}, {"fields": {"prs2": null, "contest": 3, "contest_round": 1, "prs1": null, "men_on_stage": null, "appearance": 50, "slug": "lunch-break-quarters", "sng2": null, "sng1": null, "mus2": null, "contestant": 74, "mus1": null, "song1": "", "song2": ""}, "model": "convention.performance", "pk": 20}, {"fields": {"prs2": null, "contest": 3, "contest_round": 1, "prs1": null, "men_on_stage": null, "appearance": 26, "slug": "95-north-quarters", "sng2": null, "sng1": null, "mus2": null, "contestant": 75, "mus1": null, "song1": "", "song2": ""}, "model": "convention.performance", "pk": 21}, {"fields": {"prs2": null, "contest": 3, "contest_round": 1, "prs1": null, "men_on_stage": null, "appearance": 5, "slug": "bonus-track-quarters", "sng2": null, "sng1": null, "mus2": null, "contestant": 76, "mus1": null, "song1": "", "song2": ""}, "model": "convention.performance", "pk": 22}, {"fields": {"prs2": null, "contest": 3, "contest_round": 1, "prs1": null, "men_on_stage": null, "appearance": 48, "slug": "common-core-quarters", "sng2": null, "sng1": null, "mus2": null, "contestant": 79, "mus1": null, "song1": "", "song2": ""}, "model": "convention.performance", "pk": 23}, {"fields": {"prs2": null, "contest": 3, "contest_round": 1, "prs1": null, "men_on_stage": null, "appearance": 28, "slug": "gimme-four-quarters", "sng2": null, "sng1": null, "mus2": null, "contestant": 80, "mus1": null, "song1": "", "song2": ""}, "model": "convention.performance", "pk": 24}, {"fields": {"prs2": null, "contest": 3, "contest_round": 1, "prs1": null, "men_on_stage": null, "appearance": 43, "slug": "trocadero-quarters", "sng2": null, "sng1": null, "mus2": null, "contestant": 81, "mus1": null, "song1": "", "song2": ""}, "model": "convention.performance", "pk": 25}, {"fields": {"prs2": null, "contest": 3, "contest_round": 1, "prs1": null, "men_on_stage": null, "appearance": 31, "slug": "gq-quarters", "sng2": null, "sng1": null, "mus2": null, "contestant": 83, "mus1": null, "song1": "", "song2": ""}, "model": "convention.performance", "pk": 26}, {"fields": {"prs2": null, "contest": 3, "contest_round": 1, "prs1": null, "men_on_stage": null, "appearance": 45, "slug": "sold-out-quarters", "sng2": null, "sng1": null, "mus2": null, "contestant": 84, "mus1": null, "song1": "", "song2": ""}, "model": "convention.performance", "pk": 27}, {"fields": {"prs2": null, "contest": 3, "contest_round": 1, "prs1": null, "men_on_stage": null, "appearance": 36, "slug": "tla-quarters", "sng2": null, "sng1": null, "mus2": null, "contestant": 85, "mus1": null, "song1": "", "song2": ""}, "model": "convention.performance", "pk": 28}, {"fields": {"prs2": null, "contest": 3, "contest_round": 1, "prs1": null, "men_on_stage": null, "appearance": 1, "slug": "reckless-quarters", "sng2": null, "sng1": null, "mus2": null, "contestant": 86, "mus1": null, "song1": "", "song2": ""}, "model": "convention.performance", "pk": 29}, {"fields": {"prs2": null, "contest": 3, "contest_round": 1, "prs1": null, "men_on_stage": null, "appearance": 23, "slug": "absolut-quarters", "sng2": null, "sng1": null, "mus2": null, "contestant": 87, "mus1": null, "song1": "", "song2": ""}, "model": "convention.performance", "pk": 30}, {"fields": {"prs2": null, "contest": 3, "contest_round": 1, "prs1": null, "men_on_stage": null, "appearance": 8, "slug": "stockholm-syndrome-quarters", "sng2": null, "sng1": null, "mus2": null, "contestant": 88, "mus1": null, "song1": "", "song2": ""}, "model": "convention.performance", "pk": 31}, {"fields": {"prs2": null, "contest": 3, "contest_round": 1, "prs1": null, "men_on_stage": null, "appearance": 41, "slug": "the-society-quarters", "sng2": null, "sng1": null, "mus2": null, "contestant": 89, "mus1": null, "song1": "", "song2": ""}, "model": "convention.performance", "pk": 32}, {"fields": {"prs2": null, "contest": 3, "contest_round": 1, "prs1": null, "men_on_stage": null, "appearance": 44, "slug": "madison-park-quarters", "sng2": null, "sng1": null, "mus2": null, "contestant": 90, "mus1": null, "song1": "", "song2": ""}, "model": "convention.performance", "pk": 33}, {"fields": {"prs2": null, "contest": 3, "contest_round": 1, "prs1": null, "men_on_stage": null, "appearance": 38, "slug": "up-all-night-quarters", "sng2": null, "sng1": null, "mus2": null, "contestant": 93, "mus1": null, "song1": "", "song2": ""}, "model": "convention.performance", "pk": 34}, {"fields": {"prs2": null, "contest": 3, "contest_round": 1, "prs1": null, "men_on_stage": null, "appearance": 9, "slug": "mommas-boys-quarters", "sng2": null, "sng1": null, "mus2": null, "contestant": 94, "mus1": null, "song1": "", "song2": ""}, "model": "convention.performance", "pk": 35}, {"fields": {"prs2": null, "contest": 3, "contest_round": 1, "prs1": null, "men_on_stage": null, "appearance": 42, "slug": "vocal-edition-quarters", "sng2": null, "sng1": null, "mus2": null, "contestant": 95, "mus1": null, "song1": "", "song2": ""}, "model": "convention.performance", "pk": 36}, {"fields": {"prs2": null, "contest": 3, "contest_round": 1, "prs1": null, "men_on_stage": null, "appearance": 2, "slug": "mayhem-quarters", "sng2": null, "sng1": null, "mus2": null, "contestant": 96, "mus1": null, "song1": "", "song2": ""}, "model": "convention.performance", "pk": 37}, {"fields": {"prs2": null, "contest": 3, "contest_round": 1, "prs1": null, "men_on_stage": null, "appearance": 25, "slug": "the-con-men-quarters", "sng2": null, "sng1": null, "mus2": null, "contestant": 97, "mus1": null, "song1": "", "song2": ""}, "model": "convention.performance", "pk": 38}, {"fields": {"prs2": null, "contest": 3, "contest_round": 1, "prs1": null, "men_on_stage": null, "appearance": 18, "slug": "american-pastime-quarters", "sng2": null, "sng1": null, "mus2": null, "contestant": 98, "mus1": null, "song1": "", "song2": ""}, "model": "convention.performance", "pk": 39}, {"fields": {"prs2": null, "contest": 3, "contest_round": 1, "prs1": null, "men_on_stage": null, "appearance": 51, "slug": "test-drive-quarters", "sng2": null, "sng1": null, "mus2": null, "contestant": 99, "mus1": null, "song1": "", "song2": ""}, "model": "convention.performance", "pk": 40}, {"fields": {"prs2": null, "contest": 3, "contest_round": 1, "prs1": null, "men_on_stage": null, "appearance": 14, "slug": "downtown-crossing-quarters", "sng2": null, "sng1": null, "mus2": null, "contestant": 100, "mus1": null, "song1": "", "song2": ""}, "model": "convention.performance", "pk": 41}, {"fields": {"prs2": null, "contest": 3, "contest_round": 1, "prs1": null, "men_on_stage": null, "appearance": 40, "slug": "jam-session-quarters", "sng2": null, "sng1": null, "mus2": null, "contestant": 101, "mus1": null, "song1": "", "song2": ""}, "model": "convention.performance", "pk": 42}, {"fields": {"prs2": null, "contest": 3, "contest_round": 1, "prs1": null, "men_on_stage": null, "appearance": 21, "slug": "mc4-quarters", "sng2": null, "sng1": null, "mus2": null, "contestant": 102, "mus1": null, "song1": "", "song2": ""}, "model": "convention.performance", "pk": 43}, {"fields": {"prs2": null, "contest": 3, "contest_round": 1, "prs1": null, "men_on_stage": null, "appearance": 33, "slug": "zero-hour-quarters", "sng2": null, "sng1": null, "mus2": null, "contestant": 103, "mus1": null, "song1": "", "song2": ""}, "model": "convention.performance", "pk": 44}, {"fields": {"prs2": null, "contest": 3, "contest_round": 1, "prs1": null, "men_on_stage": null, "appearance": 49, "slug": "supertonic-quarters", "sng2": null, "sng1": null, "mus2": null, "contestant": 104, "mus1": null, "song1": "", "song2": ""}, "model": "convention.performance", "pk": 45}, {"fields": {"prs2": null, "contest": 3, "contest_round": 1, "prs1": null, "men_on_stage": null, "appearance": 22, "slug": "overture-quarters", "sng2": null, "sng1": null, "mus2": null, "contestant": 105, "mus1": null, "song1": "", "song2": ""}, "model": "convention.performance", "pk": 46}, {"fields": {"prs2": null, "contest": 3, "contest_round": 1, "prs1": null, "men_on_stage": null, "appearance": 37, "slug": "grand-design-quarters", "sng2": null, "sng1": null, "mus2": null, "contestant": 106, "mus1": null, "song1": "", "song2": ""}, "model": "convention.performance", "pk": 47}, {"fields": {"prs2": null, "contest": 3, "contest_round": 1, "prs1": null, "men_on_stage": null, "appearance": 53, "slug": "last-men-standing-quarters", "sng2": null, "sng1": null, "mus2": null, "contestant": 107, "mus1": null, "song1": "", "song2": ""}, "model": "convention.performance", "pk": 48}, {"fields": {"prs2": null, "contest": 3, "contest_round": 1, "prs1": null, "men_on_stage": null, "appearance": 16, "slug": "majestyx-quarters", "sng2": null, "sng1": null, "mus2": null, "contestant": 108, "mus1": null, "song1": "", "song2": ""}, "model": "convention.performance", "pk": 49}, {"fields": {"prs2": null, "contest": 3, "contest_round": 1, "prs1": null, "men_on_stage": null, "appearance": 20, "slug": "highland-drive-quarters", "sng2": null, "sng1": null, "mus2": null, "contestant": 109, "mus1": null, "song1": "", "song2": ""}, "model": "convention.performance", "pk": 50}, {"fields": {"prs2": null, "contest": 3, "contest_round": 1, "prs1": null, "men_on_stage": null, "appearance": 29, "slug": "fusion-quarters", "sng2": null, "sng1": null, "mus2": null, "contestant": 110, "mus1": null, "song1": "", "song2": ""}, "model": "convention.performance", "pk": 51}, {"fields": {"prs2": null, "contest": 3, "contest_round": 1, "prs1": null, "men_on_stage": null, "appearance": 7, "slug": "3-men-a-melody-quarters", "sng2": null, "sng1": null, "mus2": null, "contestant": 78, "mus1": null, "song1": "", "song2": ""}, "model": "convention.performance", "pk": 52}, {"fields": {"prs2": null, "contest": 3, "contest_round": 1, "prs1": null, "men_on_stage": 4, "appearance": 4, "slug": "newfangled-four-quarters", "sng2": null, "sng1": null, "mus2": null, "contestant": 70, "mus1": null, "song1": "", "song2": ""}, "model": "convention.performance", "pk": 53}, {"fields": {"prs2": null, "contest": 3, "contest_round": 1, "prs1": null, "men_on_stage": 4, "appearance": 19, "slug": "round-midnight-quarters", "sng2": null, "sng1": null, "mus2": null, "contestant": 68, "mus1": null, "song1": "", "song2": ""}, "model": "convention.performance", "pk": 54}, {"fields": {"prs2": null, "contest": 3, "contest_round": 1, "prs1": null, "men_on_stage": 4, "appearance": 27, "slug": "salty-dog-quarters", "sng2": null, "sng1": null, "mus2": null, "contestant": 111, "mus1": null, "song1": "", "song2": ""}, "model": "convention.performance", "pk": 55}, {"fields": {"prs2": null, "contest": 3, "contest_round": 1, "prs1": null, "men_on_stage": 4, "appearance": 30, "slug": "q-tones-quarters", "sng2": null, "sng1": null, "mus2": null, "contestant": 82, "mus1": null, "song1": "", "song2": ""}, "model": "convention.performance", "pk": 56}, {"fields": {"prs2": null, "contest": 4, "contest_round": 3, "prs1": null, "men_on_stage": 4, "appearance": 1, "slug": "vocal-revolution", "sng2": null, "sng1": null, "mus2": null, "contestant": 141, "mus1": null, "song1": "", "song2": ""}, "model": "convention.performance", "pk": 70}, {"fields": {"prs2": null, "contest": 4, "contest_round": 3, "prs1": null, "men_on_stage": 4, "appearance": 2, "slug": "southern-gateway-chorus", "sng2": null, "sng1": null, "mus2": null, "contestant": 133, "mus1": null, "song1": "", "song2": ""}, "model": "convention.performance", "pk": 71}, {"fields": {"prs2": null, "contest": 4, "contest_round": 3, "prs1": null, "men_on_stage": 4, "appearance": 3, "slug": "masters-of-harmony", "sng2": null, "sng1": null, "mus2": null, "contestant": 113, "mus1": null, "song1": "", "song2": ""}, "model": "convention.performance", "pk": 72}, {"fields": {"prs2": null, "contest": 4, "contest_round": 3, "prs1": null, "men_on_stage": 4, "appearance": 4, "slug": "upstate-harmonizers", "sng2": null, "sng1": null, "mus2": null, "contestant": 142, "mus1": null, "song1": "", "song2": ""}, "model": "convention.performance", "pk": 73}, {"fields": {"prs2": null, "contest": 4, "contest_round": 3, "prs1": null, "men_on_stage": 4, "appearance": 5, "slug": "central-standard", "sng2": null, "sng1": null, "mus2": null, "contestant": 119, "mus1": null, "song1": "", "song2": ""}, "model": "convention.performance", "pk": 74}, {"fields": {"prs2": null, "contest": 4, "contest_round": 3, "prs1": null, "men_on_stage": 4, "appearance": 6, "slug": "senate-aires", "sng2": null, "sng1": null, "mus2": null, "contestant": 137, "mus1": null, "song1": "", "song2": ""}, "model": "convention.performance", "pk": 75}, {"fields": {"prs2": null, "contest": 4, "contest_round": 3, "prs1": null, "men_on_stage": 4, "appearance": 8, "slug": "harbourtown-sound", "sng2": null, "sng1": null, "mus2": null, "contestant": 139, "mus1": null, "song1": "", "song2": ""}, "model": "convention.performance", "pk": 76}, {"fields": {"prs2": null, "contest": 4, "contest_round": 3, "prs1": null, "men_on_stage": 4, "appearance": 9, "slug": "saltaires", "sng2": null, "sng1": null, "mus2": null, "contestant": 132, "mus1": null, "song1": "", "song2": ""}, "model": "convention.performance", "pk": 77}, {"fields": {"prs2": null, "contest": 4, "contest_round": 3, "prs1": null, "men_on_stage": 4, "appearance": 10, "slug": "sound-of-illinois", "sng2": null, "sng1": null, "mus2": null, "contestant": 126, "mus1": null, "song1": "", "song2": ""}, "model": "convention.performance", "pk": 78}, {"fields": {"prs2": null, "contest": 4, "contest_round": 3, "prs1": null, "men_on_stage": 4, "appearance": 11, "slug": "voices-in-harmony", "sng2": null, "sng1": null, "mus2": null, "contestant": 130, "mus1": null, "song1": "", "song2": ""}, "model": "convention.performance", "pk": 79}, {"fields": {"prs2": null, "contest": 4, "contest_round": 3, "prs1": null, "men_on_stage": 4, "appearance": 12, "slug": "new-tradition", "sng2": null, "sng1": null, "mus2": null, "contestant": 129, "mus1": null, "song1": "", "song2": ""}, "model": "convention.performance", "pk": 80}, {"fields": {"prs2": null, "contest": 4, "contest_round": 3, "prs1": null, "men_on_stage": 4, "appearance": 13, "slug": "thx", "sng2": null, "sng1": null, "mus2": null, "contestant": 125, "mus1": null, "song1": "", "song2": ""}, "model": "convention.performance", "pk": 81}, {"fields": {"prs2": null, "contest": 4, "contest_round": 3, "prs1": null, "men_on_stage": 4, "appearance": 16, "slug": "voices-of-gotham", "sng2": null, "sng1": null, "mus2": null, "contestant": 122, "mus1": null, "song1": "", "song2": ""}, "model": "convention.performance", "pk": 82}, {"fields": {"prs2": null, "contest": 4, "contest_round": 3, "prs1": null, "men_on_stage": 4, "appearance": 17, "slug": "voices-of-california", "sng2": null, "sng1": null, "mus2": null, "contestant": 135, "mus1": null, "song1": "", "song2": ""}, "model": "convention.performance", "pk": 83}, {"fields": {"prs2": null, "contest": 4, "contest_round": 3, "prs1": null, "men_on_stage": 4, "appearance": 18, "slug": "palmetto-vocal-project", "sng2": null, "sng1": null, "mus2": null, "contestant": 140, "mus1": null, "song1": "", "song2": ""}, "model": "convention.performance", "pk": 84}, {"fields": {"prs2": null, "contest": 4, "contest_round": 3, "prs1": null, "men_on_stage": 4, "appearance": 19, "slug": "men-of-independence", "sng2": null, "sng1": null, "mus2": null, "contestant": 131, "mus1": null, "song1": "", "song2": ""}, "model": "convention.performance", "pk": 85}, {"fields": {"prs2": null, "contest": 4, "contest_round": 3, "prs1": null, "men_on_stage": 4, "appearance": 20, "slug": "vocal-majority", "sng2": null, "sng1": null, "mus2": null, "contestant": 112, "mus1": null, "song1": "", "song2": ""}, "model": "convention.performance", "pk": 86}, {"fields": {"prs2": null, "contest": 4, "contest_round": 3, "prs1": null, "men_on_stage": 4, "appearance": 21, "slug": "pathfinder-chorus", "sng2": null, "sng1": null, "mus2": null, "contestant": 123, "mus1": null, "song1": "", "song2": ""}, "model": "convention.performance", "pk": 87}, {"fields": {"prs2": null, "contest": 4, "contest_round": 3, "prs1": null, "men_on_stage": 4, "appearance": 22, "slug": "vocal-fx", "sng2": null, "sng1": null, "mus2": null, "contestant": 121, "mus1": null, "song1": "", "song2": ""}, "model": "convention.performance", "pk": 88}, {"fields": {"prs2": null, "contest": 4, "contest_round": 3, "prs1": null, "men_on_stage": 4, "appearance": 24, "slug": "sound-of-the-rockies", "sng2": null, "sng1": null, "mus2": null, "contestant": 116, "mus1": null, "song1": "", "song2": ""}, "model": "convention.performance", "pk": 89}, {"fields": {"prs2": null, "contest": 4, "contest_round": 3, "prs1": null, "men_on_stage": 4, "appearance": 26, "slug": "cottontown-chorus", "sng2": null, "sng1": null, "mus2": null, "contestant": 138, "mus1": null, "song1": "", "song2": ""}, "model": "convention.performance", "pk": 90}, {"fields": {"prs2": null, "contest": 4, "contest_round": 3, "prs1": null, "men_on_stage": 4, "appearance": 27, "slug": "the-alliance", "sng2": null, "sng1": null, "mus2": null, "contestant": 118, "mus1": null, "song1": "", "song2": ""}, "model": "convention.performance", "pk": 91}, {"fields": {"prs2": null, "contest": 4, "contest_round": 3, "prs1": null, "men_on_stage": 4, "appearance": 29, "slug": "atlanta-vocal-project", "sng2": null, "sng1": null, "mus2": null, "contestant": 124, "mus1": null, "song1": "", "song2": ""}, "model": "convention.performance", "pk": 92}, {"fields": {"prs2": null, "contest": 4, "contest_round": 3, "prs1": null, "men_on_stage": 4, "appearance": 30, "slug": "great-northern-union", "sng2": null, "sng1": null, "mus2": null, "contestant": 114, "mus1": null, "song1": "", "song2": ""}, "model": "convention.performance", "pk": 93}, {"fields": {"prs2": null, "contest": 4, "contest_round": 3, "prs1": null, "men_on_stage": 4, "appearance": 31, "slug": "music-city-chorus", "sng2": null, "sng1": null, "mus2": null, "contestant": 120, "mus1": null, "song1": "", "song2": ""}, "model": "convention.performance", "pk": 94}, {"fields": {"prs2": null, "contest": 4, "contest_round": 3, "prs1": null, "men_on_stage": 4, "appearance": 14, "slug": "houston-tidelanders", "sng2": null, "sng1": null, "mus2": null, "contestant": 128, "mus1": null, "song1": "", "song2": ""}, "model": "convention.performance", "pk": 95}, {"fields": {"prs2": null, "contest": 4, "contest_round": 3, "prs1": null, "men_on_stage": 4, "appearance": 28, "slug": "kvu", "sng2": null, "sng1": null, "mus2": null, "contestant": 117, "mus1": null, "song1": "", "song2": ""}, "model": "convention.performance", "pk": 96}, {"fields": {"prs2": null, "contest": 4, "contest_round": 3, "prs1": null, "men_on_stage": 4, "appearance": 15, "slug": "entertainmen", "sng2": null, "sng1": null, "mus2": null, "contestant": 136, "mus1": null, "song1": "", "song2": ""}, "model": "convention.performance", "pk": 97}, {"fields": {"prs2": null, "contest": 4, "contest_round": 3, "prs1": null, "men_on_stage": 4, "appearance": 23, "slug": "mountaintown-singers", "sng2": null, "sng1": null, "mus2": null, "contestant": 143, "mus1": null, "song1": "", "song2": ""}, "model": "convention.performance", "pk": 98}, {"fields": {"prs2": null, "contest": 4, "contest_round": 3, "prs1": null, "men_on_stage": 4, "appearance": 25, "slug": "spirit-of-phoenix", "sng2": null, "sng1": null, "mus2": null, "contestant": 134, "mus1": null, "song1": "", "song2": ""}, "model": "convention.performance", "pk": 99}]