[{"fields": {"model": "permission", "name": "permission", "app_label": "auth"}, "model": "contenttypes.contenttype", "pk": 1}, {"fields": {"model": "group", "name": "group", "app_label": "auth"}, "model": "contenttypes.contenttype", "pk": 2}, {"fields": {"model": "user", "name": "user", "app_label": "auth"}, "model": "contenttypes.contenttype", "pk": 3}, {"fields": {"model": "contenttype", "name": "content type", "app_label": "contenttypes"}, "model": "contenttypes.contenttype", "pk": 4}, {"fields": {"model": "session", "name": "session", "app_label": "sessions"}, "model": "contenttypes.contenttype", "pk": 5}, {"fields": {"model": "logentry", "name": "log entry", "app_label": "admin"}, "model": "contenttypes.contenttype", "pk": 6}, {"fields": {"model": "contestant", "name": "contestant", "app_label": "bbs"}, "model": "contenttypes.contenttype", "pk": 7}, {"fields": {"model": "contest", "name": "contest", "app_label": "bbs"}, "model": "contenttypes.contenttype", "pk": 8}, {"fields": {"model": "score", "name": "score", "app_label": "bbs"}, "model": "contenttypes.contenttype", "pk": 9}, {"fields": {"model": "performance", "name": "performance", "app_label": "bbs"}, "model": "contenttypes.contenttype", "pk": 10}, {"fields": {"expire_date": "2014-06-04T12:46:46.733Z", "session_data": "OGU4ZDJhZDk2YTA3MGNkNjg1MmU3OWFlYzliNzE0N2VkYThjOTE4ZDp7Il9hdXRoX3VzZXJfaGFzaCI6ImNmMzg3ZDJkMmI2YjkxYWMwNjVjNWUzOGE0YmU3ZjMwOTJjNjUzMzgiLCJfYXV0aF91c2VyX2JhY2tlbmQiOiJkamFuZ28uY29udHJpYi5hdXRoLmJhY2tlbmRzLk1vZGVsQmFja2VuZCIsIl9hdXRoX3VzZXJfaWQiOjF9"}, "model": "sessions.session", "pk": "81gk1twwncvt625skp2kp9a0gqxqcpi7"}, {"fields": {"expire_date": "2014-05-21T00:07:03.069Z", "session_data": "OGU4ZDJhZDk2YTA3MGNkNjg1MmU3OWFlYzliNzE0N2VkYThjOTE4ZDp7Il9hdXRoX3VzZXJfaGFzaCI6ImNmMzg3ZDJkMmI2YjkxYWMwNjVjNWUzOGE0YmU3ZjMwOTJjNjUzMzgiLCJfYXV0aF91c2VyX2JhY2tlbmQiOiJkamFuZ28uY29udHJpYi5hdXRoLmJhY2tlbmRzLk1vZGVsQmFja2VuZCIsIl9hdXRoX3VzZXJfaWQiOjF9"}, "model": "sessions.session", "pk": "hkplrr9ua98r68i4i3w5e49rxtu3qoty"}, {"fields": {"expire_date": "2014-06-05T17:03:02.815Z", "session_data": "OGU4ZDJhZDk2YTA3MGNkNjg1MmU3OWFlYzliNzE0N2VkYThjOTE4ZDp7Il9hdXRoX3VzZXJfaGFzaCI6ImNmMzg3ZDJkMmI2YjkxYWMwNjVjNWUzOGE0YmU3ZjMwOTJjNjUzMzgiLCJfYXV0aF91c2VyX2JhY2tlbmQiOiJkamFuZ28uY29udHJpYi5hdXRoLmJhY2tlbmRzLk1vZGVsQmFja2VuZCIsIl9hdXRoX3VzZXJfaWQiOjF9"}, "model": "sessions.session", "pk": "ilfzxkgrcnuhii0dtdngm6p93bort2i2"}, {"fields": {"expire_date": "2014-06-24T16:42:12.573Z", "session_data": "OGViMjU0ZTgxNjkyNjMyNTUyMmMzNTY0OTc5YzdkZjMwNzFiMjRmZDp7fQ=="}, "model": "sessions.session", "pk": "jdudtlyi3kltcxwhmjbu714fsk9wi2qm"}, {"fields": {"expire_date": "2014-06-24T18:32:45.544Z", "session_data": "OGU4ZDJhZDk2YTA3MGNkNjg1MmU3OWFlYzliNzE0N2VkYThjOTE4ZDp7Il9hdXRoX3VzZXJfaGFzaCI6ImNmMzg3ZDJkMmI2YjkxYWMwNjVjNWUzOGE0YmU3ZjMwOTJjNjUzMzgiLCJfYXV0aF91c2VyX2JhY2tlbmQiOiJkamFuZ28uY29udHJpYi5hdXRoLmJhY2tlbmRzLk1vZGVsQmFja2VuZCIsIl9hdXRoX3VzZXJfaWQiOjF9"}, "model": "sessions.session", "pk": "qrqg1x13ygiv4zwbttv9q7yi1r8n4zcw"}, {"fields": {"website": "", "prelim": 90.0, "baritone": "", "name": "Musical Island Boys", "lead": "", "director": "", "phone": "", "district": "NZABS", "facebook": "", "location": "", "tenor": "", "contestant_type": 1, "slug": "musical-island-boys", "bass": ""}, "model": "bbs.contestant", "pk": 55}, {"fields": {"website": "", "prelim": 87.3, "baritone": "", "name": "A Mighty Wind", "lead": "", "director": "", "phone": "", "district": "DIX", "facebook": "", "location": "", "tenor": "", "contestant_type": 1, "slug": "a-mighty-wind", "bass": ""}, "model": "bbs.contestant", "pk": 56}, {"fields": {"website": "", "prelim": 86.9, "baritone": "", "name": "Main Street", "lead": "", "director": "", "phone": "", "district": "SUN", "facebook": "", "location": "", "tenor": "", "contestant_type": 1, "slug": "main-street", "bass": ""}, "model": "bbs.contestant", "pk": 57}, {"fields": {"website": "", "prelim": 86.6, "baritone": "", "name": "Lemon Squeezy", "lead": "", "director": "", "phone": "", "district": "SNOBS", "facebook": "", "location": "", "tenor": "", "contestant_type": 1, "slug": "lemon-squeezy", "bass": ""}, "model": "bbs.contestant", "pk": 58}, {"fields": {"website": "", "prelim": 86.4, "baritone": "", "name": "The Crush", "lead": "", "director": "", "phone": "", "district": "FWD", "facebook": "", "location": "", "tenor": "", "contestant_type": 1, "slug": "the-crush", "bass": ""}, "model": "bbs.contestant", "pk": 59}, {"fields": {"website": "", "prelim": 85.8, "baritone": "", "name": "Forefront", "lead": "", "director": "", "phone": "", "district": "CAR", "facebook": "", "location": "", "tenor": "", "contestant_type": 1, "slug": "forefront", "bass": ""}, "model": "bbs.contestant", "pk": 60}, {"fields": {"website": "", "prelim": 85.2, "baritone": "", "name": "After Hours", "lead": "", "director": "", "phone": "", "district": "ILL", "facebook": "", "location": "", "tenor": "", "contestant_type": 1, "slug": "after-hours", "bass": ""}, "model": "bbs.contestant", "pk": 61}, {"fields": {"website": "", "prelim": 85.1, "baritone": "", "name": "TNS", "lead": "", "director": "", "phone": "", "district": "DIX", "facebook": "", "location": "", "tenor": "", "contestant_type": 1, "slug": "tns", "bass": ""}, "model": "bbs.contestant", "pk": 62}, {"fields": {"website": "", "prelim": 84.9, "baritone": "", "name": "Throwback", "lead": "", "director": "", "phone": "", "district": "SUN", "facebook": "", "location": "", "tenor": "", "contestant_type": 1, "slug": "throwback", "bass": ""}, "model": "bbs.contestant", "pk": 63}, {"fields": {"website": "", "prelim": 84.1, "baritone": "", "name": "Instant Classic", "lead": "", "director": "", "phone": "", "district": "CAR", "facebook": "", "location": "", "tenor": "", "contestant_type": 1, "slug": "instant-classic", "bass": ""}, "model": "bbs.contestant", "pk": 64}, {"fields": {"website": "", "prelim": 84.1, "baritone": "", "name": "Artistic License", "lead": "", "director": "", "phone": "", "district": "FWD", "facebook": "", "location": "", "tenor": "", "contestant_type": 1, "slug": "artistic-license", "bass": ""}, "model": "bbs.contestant", "pk": 65}, {"fields": {"website": "", "prelim": 83.9, "baritone": "", "name": "Men In Black", "lead": "", "director": "", "phone": "", "district": "NED", "facebook": "", "location": "", "tenor": "", "contestant_type": 1, "slug": "men-in-black", "bass": ""}, "model": "bbs.contestant", "pk": 66}, {"fields": {"website": "", "prelim": 83.6, "baritone": "", "name": "Da Capo", "lead": "", "director": "", "phone": "", "district": "MAD", "facebook": "", "location": "", "tenor": "", "contestant_type": 1, "slug": "da-capo", "bass": ""}, "model": "bbs.contestant", "pk": 67}, {"fields": {"website": "", "prelim": 83.5, "baritone": "", "name": "'Round Midnight", "lead": "", "director": "", "phone": "", "district": "MAD", "facebook": "", "location": "", "tenor": "", "contestant_type": 1, "slug": "round-midnight", "bass": ""}, "model": "bbs.contestant", "pk": 68}, {"fields": {"website": "", "prelim": 82.3, "baritone": "", "name": "Hot Air Buffoons", "lead": "", "director": "", "phone": "", "district": "JAD", "facebook": "", "location": "", "tenor": "", "contestant_type": 1, "slug": "hot-air-buffoons", "bass": ""}, "model": "bbs.contestant", "pk": 69}, {"fields": {"website": "", "prelim": 82.3, "baritone": "", "name": "Newfangled Four", "lead": "", "director": "", "phone": "", "district": "FWD", "facebook": "", "location": "", "tenor": "", "contestant_type": 1, "slug": "newfangled-four", "bass": ""}, "model": "bbs.contestant", "pk": 70}, {"fields": {"website": "", "prelim": 81.6, "baritone": "", "name": "Premium Blend", "lead": "", "director": "", "phone": "", "district": "CSD", "facebook": "", "location": "", "tenor": "", "contestant_type": 1, "slug": "premium-blend", "bass": ""}, "model": "bbs.contestant", "pk": 71}, {"fields": {"website": "", "prelim": 81.5, "baritone": "", "name": "Frank the Dog", "lead": "", "director": "", "phone": "", "district": "MAD", "facebook": "", "location": "", "tenor": "", "contestant_type": 1, "slug": "frank-the-dog", "bass": ""}, "model": "bbs.contestant", "pk": 72}, {"fields": {"website": "", "prelim": 81.4, "baritone": "", "name": "McPhly", "lead": "", "director": "", "phone": "", "district": "FWD", "facebook": "", "location": "", "tenor": "", "contestant_type": 1, "slug": "mcphly", "bass": ""}, "model": "bbs.contestant", "pk": 73}, {"fields": {"website": "", "prelim": 80.6, "baritone": "", "name": "Lunch Break", "lead": "", "director": "", "phone": "", "district": "DIX", "facebook": "", "location": "", "tenor": "", "contestant_type": 1, "slug": "lunch-break", "bass": ""}, "model": "bbs.contestant", "pk": 74}, {"fields": {"website": "", "prelim": 80.5, "baritone": "", "name": "95 North", "lead": "", "director": "", "phone": "", "district": "FWD", "facebook": "", "location": "", "tenor": "", "contestant_type": 1, "slug": "95-north", "bass": ""}, "model": "bbs.contestant", "pk": 75}, {"fields": {"website": "", "prelim": 80.3, "baritone": "", "name": "Bonus Track", "lead": "", "director": "", "phone": "", "district": "SWD", "facebook": "", "location": "", "tenor": "", "contestant_type": 1, "slug": "bonus-track", "bass": ""}, "model": "bbs.contestant", "pk": 76}, {"fields": {"website": "", "prelim": 80.2, "baritone": "", "name": "BSQ", "lead": "", "director": "", "phone": "", "district": "MAD", "facebook": "", "location": "", "tenor": "", "contestant_type": 1, "slug": "bsq", "bass": ""}, "model": "bbs.contestant", "pk": 77}, {"fields": {"website": "", "prelim": 80.0, "baritone": "", "name": "3 Men & A Melody", "lead": "", "director": "", "phone": "", "district": "CSD", "facebook": "", "location": "", "tenor": "", "contestant_type": 1, "slug": "3-men-and-a-melody", "bass": ""}, "model": "bbs.contestant", "pk": 78}, {"fields": {"website": "", "prelim": 79.9, "baritone": "", "name": "Common Core", "lead": "", "director": "", "phone": "", "district": "JAD", "facebook": "", "location": "", "tenor": "", "contestant_type": 1, "slug": "common-core", "bass": ""}, "model": "bbs.contestant", "pk": 79}, {"fields": {"website": "", "prelim": 79.7, "baritone": "", "name": "Gimme Four", "lead": "", "director": "", "phone": "", "district": "MAD", "facebook": "", "location": "", "tenor": "", "contestant_type": 1, "slug": "gimme-four", "bass": ""}, "model": "bbs.contestant", "pk": 80}, {"fields": {"website": "", "prelim": 79.2, "baritone": "", "name": "Trocadero", "lead": "", "director": "", "phone": "", "district": "SNOBS", "facebook": "", "location": "", "tenor": "", "contestant_type": 1, "slug": "trocadero", "bass": ""}, "model": "bbs.contestant", "pk": 81}, {"fields": {"website": "", "prelim": 79.0, "baritone": "", "name": "Q Tones", "lead": "", "director": "", "phone": "", "district": "SNOBS", "facebook": "", "location": "", "tenor": "", "contestant_type": 1, "slug": "q-tones", "bass": ""}, "model": "bbs.contestant", "pk": 82}, {"fields": {"website": "", "prelim": 79.0, "baritone": "", "name": "GQ", "lead": "", "director": "", "phone": "", "district": "LOL", "facebook": "", "location": "", "tenor": "", "contestant_type": 1, "slug": "gq", "bass": ""}, "model": "bbs.contestant", "pk": 83}, {"fields": {"website": "", "prelim": 78.5, "baritone": "", "name": "Sold Out", "lead": "", "director": "", "phone": "", "district": "EVG", "facebook": "", "location": "", "tenor": "", "contestant_type": 1, "slug": "sold-out", "bass": ""}, "model": "bbs.contestant", "pk": 84}, {"fields": {"website": "", "prelim": 78.4, "baritone": "", "name": "TLA", "lead": "", "director": "", "phone": "", "district": "BHA", "facebook": "", "location": "", "tenor": "", "contestant_type": 1, "slug": "tla", "bass": ""}, "model": "bbs.contestant", "pk": 85}, {"fields": {"website": "", "prelim": 78.2, "baritone": "", "name": "Reckless", "lead": "", "director": "", "phone": "", "district": "BABS", "facebook": "", "location": "", "tenor": "", "contestant_type": 1, "slug": "reckless", "bass": ""}, "model": "bbs.contestant", "pk": 86}, {"fields": {"website": "", "prelim": 78.0, "baritone": "", "name": "Absolut", "lead": "", "director": "", "phone": "", "district": "SNOBS", "facebook": "", "location": "", "tenor": "", "contestant_type": 1, "slug": "absolut", "bass": ""}, "model": "bbs.contestant", "pk": 87}, {"fields": {"website": "", "prelim": 77.5, "baritone": "", "name": "Stockholm Syndrome", "lead": "", "director": "", "phone": "", "district": "SNOBS", "facebook": "", "location": "", "tenor": "", "contestant_type": 1, "slug": "stockholm-syndrome", "bass": ""}, "model": "bbs.contestant", "pk": 88}, {"fields": {"website": "", "prelim": 77.4, "baritone": "", "name": "The Society", "lead": "", "director": "", "phone": "", "district": "SUN", "facebook": "", "location": "", "tenor": "", "contestant_type": 1, "slug": "the-society", "bass": ""}, "model": "bbs.contestant", "pk": 89}, {"fields": {"website": "", "prelim": 77.3, "baritone": "", "name": "Madison Park", "lead": "", "director": "", "phone": "", "district": "EVG", "facebook": "", "location": "", "tenor": "", "contestant_type": 1, "slug": "madison-park", "bass": ""}, "model": "bbs.contestant", "pk": 90}, {"fields": {"website": "", "prelim": 77.2, "baritone": "", "name": "Spoiler Alert", "lead": "", "director": "", "phone": "", "district": "SWD", "facebook": "", "location": "", "tenor": "", "contestant_type": 1, "slug": "spoiler-alert", "bass": ""}, "model": "bbs.contestant", "pk": 91}, {"fields": {"website": "", "prelim": 77.2, "baritone": "", "name": "Blueprint", "lead": "", "director": "", "phone": "", "district": "JAD", "facebook": "", "location": "", "tenor": "", "contestant_type": 1, "slug": "blueprint", "bass": ""}, "model": "bbs.contestant", "pk": 92}, {"fields": {"website": "", "prelim": 77.2, "baritone": "", "name": "Up All Night", "lead": "", "director": "", "phone": "", "district": "MAD", "facebook": "", "location": "", "tenor": "", "contestant_type": 1, "slug": "up-all-night", "bass": ""}, "model": "bbs.contestant", "pk": 93}, {"fields": {"website": "", "prelim": 77.2, "baritone": "", "name": "Momma's Boys", "lead": "", "director": "", "phone": "", "district": "EVG", "facebook": "", "location": "", "tenor": "", "contestant_type": 1, "slug": "mommas-boys", "bass": ""}, "model": "bbs.contestant", "pk": 94}, {"fields": {"website": "", "prelim": 77.1, "baritone": "", "name": "Vocal Edition", "lead": "", "director": "", "phone": "", "district": "FWD", "facebook": "", "location": "", "tenor": "", "contestant_type": 1, "slug": "vocal-edition", "bass": ""}, "model": "bbs.contestant", "pk": 95}, {"fields": {"website": "", "prelim": 77.1, "baritone": "", "name": "Mayhem", "lead": "", "director": "", "phone": "", "district": "MAD", "facebook": "", "location": "", "tenor": "", "contestant_type": 1, "slug": "mayhem", "bass": ""}, "model": "bbs.contestant", "pk": 96}, {"fields": {"website": "", "prelim": 76.9, "baritone": "", "name": "The Con Men", "lead": "", "director": "", "phone": "", "district": "JAD", "facebook": "", "location": "", "tenor": "", "contestant_type": 1, "slug": "the-con-men", "bass": ""}, "model": "bbs.contestant", "pk": 97}, {"fields": {"website": "", "prelim": 76.6, "baritone": "", "name": "American Pastime", "lead": "", "director": "", "phone": "", "district": "FWD", "facebook": "", "location": "", "tenor": "", "contestant_type": 1, "slug": "american-pastime", "bass": ""}, "model": "bbs.contestant", "pk": 98}, {"fields": {"website": "", "prelim": 76.3, "baritone": "", "name": "Test Drive", "lead": "", "director": "", "phone": "", "district": "ONT", "facebook": "", "location": "", "tenor": "", "contestant_type": 1, "slug": "test-drive", "bass": ""}, "model": "bbs.contestant", "pk": 99}, {"fields": {"website": "", "prelim": 76.2, "baritone": "", "name": "Downtown Crossing", "lead": "", "director": "", "phone": "", "district": "NED", "facebook": "", "location": "", "tenor": "", "contestant_type": 1, "slug": "downtown-crossing", "bass": ""}, "model": "bbs.contestant", "pk": 100}, {"fields": {"website": "", "prelim": 76.3, "baritone": "", "name": "Jam Session", "lead": "", "director": "", "phone": "", "district": "JAD", "facebook": "", "location": "", "tenor": "", "contestant_type": 1, "slug": "jam-session", "bass": ""}, "model": "bbs.contestant", "pk": 101}, {"fields": {"website": "", "prelim": 76.2, "baritone": "", "name": "MC4", "lead": "", "director": "", "phone": "", "district": "DIX", "facebook": "", "location": "", "tenor": "", "contestant_type": 1, "slug": "mc4", "bass": ""}, "model": "bbs.contestant", "pk": 102}, {"fields": {"website": "", "prelim": 76.2, "baritone": "", "name": "Zero Hour", "lead": "", "director": "", "phone": "", "district": "NSC", "facebook": "", "location": "", "tenor": "", "contestant_type": 1, "slug": "zero-hour", "bass": ""}, "model": "bbs.contestant", "pk": 103}, {"fields": {"website": "", "prelim": 76.2, "baritone": "", "name": "Supertonic", "lead": "", "director": "", "phone": "", "district": "ONT", "facebook": "", "location": "", "tenor": "", "contestant_type": 1, "slug": "supertonic", "bass": ""}, "model": "bbs.contestant", "pk": 104}, {"fields": {"website": "", "prelim": 76.2, "baritone": "", "name": "Overture", "lead": "", "director": "", "phone": "", "district": "DIX", "facebook": "", "location": "", "tenor": "", "contestant_type": 1, "slug": "overture", "bass": ""}, "model": "bbs.contestant", "pk": 105}, {"fields": {"website": "", "prelim": 76.1, "baritone": "", "name": "Grand Design", "lead": "", "director": "", "phone": "", "district": "LOL", "facebook": "", "location": "", "tenor": "", "contestant_type": 1, "slug": "grand-design", "bass": ""}, "model": "bbs.contestant", "pk": 106}, {"fields": {"website": "", "prelim": 76.0, "baritone": "", "name": "Last Men Standing", "lead": "", "director": "", "phone": "", "district": "MAD", "facebook": "", "location": "", "tenor": "", "contestant_type": 1, "slug": "last-men-standing", "bass": ""}, "model": "bbs.contestant", "pk": 107}, {"fields": {"website": "", "prelim": 75.7, "baritone": "", "name": "Majestyx", "lead": "", "director": "", "phone": "", "district": "PIO", "facebook": "", "location": "", "tenor": "", "contestant_type": 1, "slug": "majestyx", "bass": ""}, "model": "bbs.contestant", "pk": 108}, {"fields": {"website": "", "prelim": 74.5, "baritone": "", "name": "Highland Drive", "lead": "", "director": "", "phone": "", "district": "RMD", "facebook": "", "location": "", "tenor": "", "contestant_type": 1, "slug": "highland-drive", "bass": ""}, "model": "bbs.contestant", "pk": 109}, {"fields": {"website": "", "prelim": 73.4, "baritone": "", "name": "Fusion", "lead": "", "director": "", "phone": "", "district": "SLD", "facebook": "", "location": "", "tenor": "", "contestant_type": 1, "slug": "fusion", "bass": ""}, "model": "bbs.contestant", "pk": 110}, {"fields": {"website": "", "prelim": null, "baritone": "", "name": "Salty Dog", "lead": "", "director": "", "phone": "", "district": "", "facebook": "", "location": "", "tenor": "", "contestant_type": 1, "slug": "salty-dog", "bass": ""}, "model": "bbs.contestant", "pk": 111}, {"fields": {"website": "", "prelim": 93.9, "baritone": "", "name": "Vocal Majority", "lead": "", "director": "", "phone": "", "district": "SWD", "facebook": "", "location": "", "tenor": "", "contestant_type": 2, "slug": "vocal-majority", "bass": ""}, "model": "bbs.contestant", "pk": 112}, {"fields": {"website": "", "prelim": 91.4, "baritone": "", "name": "Masters of Harmony", "lead": "", "director": "", "phone": "", "district": "FWD", "facebook": "", "location": "", "tenor": "", "contestant_type": 2, "slug": "masters-of-harmony", "bass": ""}, "model": "bbs.contestant", "pk": 113}, {"fields": {"website": "", "prelim": 89.4, "baritone": "", "name": "Great Northern Union", "lead": "", "director": "", "phone": "", "district": "LOL", "facebook": "", "location": "", "tenor": "", "contestant_type": 2, "slug": "great-northern-union", "bass": ""}, "model": "bbs.contestant", "pk": 114}, {"fields": {"website": "", "prelim": 89.4, "baritone": "", "name": "Zero8", "lead": "", "director": "", "phone": "", "district": "SNOBS", "facebook": "", "location": "", "tenor": "", "contestant_type": 2, "slug": "zero8", "bass": ""}, "model": "bbs.contestant", "pk": 115}, {"fields": {"website": "", "prelim": 88.8, "baritone": "", "name": "Sound of the Rockies", "lead": "", "director": "", "phone": "", "district": "RMD", "facebook": "", "location": "", "tenor": "", "contestant_type": 2, "slug": "sound-of-the-rockies", "bass": ""}, "model": "bbs.contestant", "pk": 116}, {"fields": {"website": "", "prelim": 87.9, "baritone": "", "name": "KVU", "lead": "", "director": "", "phone": "", "district": "CAR", "facebook": "", "location": "", "tenor": "", "contestant_type": 2, "slug": "kvu", "bass": ""}, "model": "bbs.contestant", "pk": 117}, {"fields": {"website": "", "prelim": 86.0, "baritone": "", "name": "The Alliance", "lead": "", "director": "", "phone": "", "district": "JAD", "facebook": "", "location": "", "tenor": "", "contestant_type": 2, "slug": "the-alliance", "bass": ""}, "model": "bbs.contestant", "pk": 118}, {"fields": {"website": "", "prelim": 85.9, "baritone": "", "name": "Central Standard", "lead": "", "director": "", "phone": "", "district": "CSD", "facebook": "", "location": "", "tenor": "", "contestant_type": 2, "slug": "central-standard", "bass": ""}, "model": "bbs.contestant", "pk": 119}, {"fields": {"website": "", "prelim": 85.8, "baritone": "", "name": "Music City Chorus", "lead": "", "director": "", "phone": "", "district": "DIX", "facebook": "", "location": "", "tenor": "", "contestant_type": 2, "slug": "music-city-chorus", "bass": ""}, "model": "bbs.contestant", "pk": 120}, {"fields": {"website": "", "prelim": 84.7, "baritone": "", "name": "Vocal FX", "lead": "", "director": "", "phone": "", "district": "NZABS", "facebook": "", "location": "", "tenor": "", "contestant_type": 2, "slug": "vocal-fx", "bass": ""}, "model": "bbs.contestant", "pk": 121}, {"fields": {"website": "", "prelim": 83.7, "baritone": "", "name": "Voices of Gotham", "lead": "", "director": "", "phone": "", "district": "MAD", "facebook": "", "location": "", "tenor": "", "contestant_type": 2, "slug": "voices-of-gotham", "bass": ""}, "model": "bbs.contestant", "pk": 122}, {"fields": {"website": "", "prelim": 83.6, "baritone": "", "name": "Pathfinder Chorus", "lead": "", "director": "", "phone": "", "district": "CSD", "facebook": "", "location": "", "tenor": "", "contestant_type": 2, "slug": "pathfinder-chorus", "bass": ""}, "model": "bbs.contestant", "pk": 123}, {"fields": {"website": "", "prelim": 83.5, "baritone": "", "name": "Atlanta Vocal Project", "lead": "", "director": "", "phone": "", "district": "DIX", "facebook": "", "location": "", "tenor": "", "contestant_type": 2, "slug": "atlanta-vocal-project", "bass": ""}, "model": "bbs.contestant", "pk": 124}, {"fields": {"website": "", "prelim": 83.2, "baritone": "", "name": "THX", "lead": "", "director": "", "phone": "", "district": "SUN", "facebook": "", "location": "", "tenor": "", "contestant_type": 2, "slug": "thx", "bass": ""}, "model": "bbs.contestant", "pk": 125}, {"fields": {"website": "", "prelim": 82.8, "baritone": "", "name": "Sound of Illinois", "lead": "", "director": "", "phone": "", "district": "ILL", "facebook": "", "location": "", "tenor": "", "contestant_type": 2, "slug": "sound-of-illinois", "bass": ""}, "model": "bbs.contestant", "pk": 126}, {"fields": {"website": "", "prelim": 82.7, "baritone": "", "name": "Vocal Evolution", "lead": "", "director": "", "phone": "", "district": "BHA", "facebook": "", "location": "", "tenor": "", "contestant_type": 2, "slug": "vocal-evolution", "bass": ""}, "model": "bbs.contestant", "pk": 127}, {"fields": {"website": "", "prelim": 82.6, "baritone": "", "name": "Houston Tidelanders", "lead": "", "director": "", "phone": "", "district": "SWD", "facebook": "", "location": "", "tenor": "", "contestant_type": 2, "slug": "houston-tidelanders", "bass": ""}, "model": "bbs.contestant", "pk": 128}, {"fields": {"website": "", "prelim": 82.6, "baritone": "", "name": "New Tradition", "lead": "", "director": "", "phone": "", "district": "ILL", "facebook": "", "location": "", "tenor": "", "contestant_type": 2, "slug": "new-tradition", "bass": ""}, "model": "bbs.contestant", "pk": 129}, {"fields": {"website": "", "prelim": 82.1, "baritone": "", "name": "Voices in Harmony", "lead": "", "director": "", "phone": "", "district": "FWD", "facebook": "", "location": "", "tenor": "", "contestant_type": 2, "slug": "voices-in-harmony", "bass": ""}, "model": "bbs.contestant", "pk": 130}, {"fields": {"website": "", "prelim": 81.8, "baritone": "", "name": "Men of Independence", "lead": "", "director": "", "phone": "", "district": "JAD", "facebook": "", "location": "", "tenor": "", "contestant_type": 2, "slug": "men-of-independence", "bass": ""}, "model": "bbs.contestant", "pk": 131}, {"fields": {"website": "", "prelim": 80.9, "baritone": "", "name": "Saltaires", "lead": "", "director": "", "phone": "", "district": "RMD", "facebook": "", "location": "", "tenor": "", "contestant_type": 2, "slug": "saltaires", "bass": ""}, "model": "bbs.contestant", "pk": 132}, {"fields": {"website": "", "prelim": 80.8, "baritone": "", "name": "Southern Gateway Chorus", "lead": "", "director": "", "phone": "", "district": "", "facebook": "", "location": "", "tenor": "", "contestant_type": 2, "slug": "southern-gateway-chorus", "bass": ""}, "model": "bbs.contestant", "pk": 133}, {"fields": {"website": "", "prelim": 80.8, "baritone": "", "name": "Spirit of Phoenix", "lead": "", "director": "", "phone": "", "district": "FWD", "facebook": "", "location": "", "tenor": "", "contestant_type": 2, "slug": "spirit-of-phoenix", "bass": ""}, "model": "bbs.contestant", "pk": 134}, {"fields": {"website": "", "prelim": 80.7, "baritone": "", "name": "Voices of California", "lead": "", "director": "", "phone": "", "district": "FWD", "facebook": "", "location": "", "tenor": "", "contestant_type": 2, "slug": "voices-of-california", "bass": ""}, "model": "bbs.contestant", "pk": 135}, {"fields": {"website": "", "prelim": 80.5, "baritone": "", "name": "Entertainmen", "lead": "", "director": "", "phone": "", "district": "SNOBS", "facebook": "", "location": "", "tenor": "", "contestant_type": 2, "slug": "entertainmen", "bass": ""}, "model": "bbs.contestant", "pk": 136}, {"fields": {"website": "", "prelim": 80.5, "baritone": "", "name": "Senate-Aires", "lead": "", "director": "", "phone": "", "district": "EVG", "facebook": "", "location": "", "tenor": "", "contestant_type": 2, "slug": "senate-aires", "bass": ""}, "model": "bbs.contestant", "pk": 137}, {"fields": {"website": "", "prelim": 79.5, "baritone": "", "name": "Cottontown Chorus", "lead": "", "director": "", "phone": "", "district": "BABS", "facebook": "", "location": "", "tenor": "", "contestant_type": 2, "slug": "cottontown-chorus", "bass": ""}, "model": "bbs.contestant", "pk": 138}, {"fields": {"website": "", "prelim": 77.9, "baritone": "", "name": "Harbourtown Sound", "lead": "", "director": "", "phone": "", "district": "ONT", "facebook": "", "location": "", "tenor": "", "contestant_type": 2, "slug": "harbourtown-sound", "bass": ""}, "model": "bbs.contestant", "pk": 139}, {"fields": {"website": "", "prelim": 77.1, "baritone": "", "name": "Palmetto Vocal Project", "lead": "", "director": "", "phone": "", "district": "NSC", "facebook": "", "location": "", "tenor": "", "contestant_type": 2, "slug": "palmetto-vocal-project", "bass": ""}, "model": "bbs.contestant", "pk": 140}, {"fields": {"website": "", "prelim": 76.3, "baritone": "", "name": "Vocal Revolution", "lead": "", "director": "", "phone": "", "district": "NED", "facebook": "", "location": "", "tenor": "", "contestant_type": 2, "slug": "vocal-revolution", "bass": ""}, "model": "bbs.contestant", "pk": 141}, {"fields": {"website": "", "prelim": 74.9, "baritone": "", "name": "Upstate Harmonizers", "lead": "", "director": "", "phone": "", "district": "SLD", "facebook": "", "location": "", "tenor": "", "contestant_type": 2, "slug": "upstate-harmonizers", "bass": ""}, "model": "bbs.contestant", "pk": 142}, {"fields": {"website": "", "prelim": 74.0, "baritone": "", "name": "MountainTown Singers", "lead": "", "director": "", "phone": "", "district": "PIO", "facebook": "", "location": "", "tenor": "", "contestant_type": 2, "slug": "mountaintown-singers", "bass": ""}, "model": "bbs.contestant", "pk": 143}, {"fields": {"contest_type": 1, "slug": "quartet"}, "model": "bbs.contest", "pk": 3}, {"fields": {"contest_type": 2, "slug": "chorus"}, "model": "bbs.contest", "pk": 4}, {"fields": {"contest_type": 3, "slug": "collegiate"}, "model": "bbs.contest", "pk": 5}, {"fields": {"prs2": null, "contest": 3, "contest_round": 1, "prs1": null, "men_on_stage": null, "appearance": 3, "slug": "musical-island-boys-quarters", "sng2": null, "sng1": null, "mus2": null, "contestant": 55, "mus1": null, "song1": null, "song2": null}, "model": "bbs.performance", "pk": 4}, {"fields": {"prs2": null, "contest": 3, "contest_round": 1, "prs1": null, "men_on_stage": null, "appearance": 34, "slug": "a-mighty-wind-quarters", "sng2": null, "sng1": null, "mus2": null, "contestant": 56, "mus1": null, "song1": null, "song2": null}, "model": "bbs.performance", "pk": 5}, {"fields": {"prs2": null, "contest": 3, "contest_round": 1, "prs1": null, "men_on_stage": null, "appearance": 12, "slug": "main-street-quarters", "sng2": null, "sng1": null, "mus2": null, "contestant": 57, "mus1": null, "song1": null, "song2": null}, "model": "bbs.performance", "pk": 6}, {"fields": {"prs2": null, "contest": 3, "contest_round": 1, "prs1": null, "men_on_stage": null, "appearance": 32, "slug": "lemon-squeezy-quarters", "sng2": null, "sng1": null, "mus2": null, "contestant": 58, "mus1": null, "song1": null, "song2": null}, "model": "bbs.performance", "pk": 7}, {"fields": {"prs2": null, "contest": 3, "contest_round": 1, "prs1": null, "men_on_stage": null, "appearance": 17, "slug": "the-crush-quarters", "sng2": null, "sng1": null, "mus2": null, "contestant": 59, "mus1": null, "song1": null, "song2": null}, "model": "bbs.performance", "pk": 8}, {"fields": {"prs2": null, "contest": 3, "contest_round": 1, "prs1": null, "men_on_stage": null, "appearance": 10, "slug": "forefront-quarters", "sng2": null, "sng1": null, "mus2": null, "contestant": 60, "mus1": null, "song1": null, "song2": null}, "model": "bbs.performance", "pk": 9}, {"fields": {"prs2": null, "contest": 3, "contest_round": 1, "prs1": null, "men_on_stage": null, "appearance": 35, "slug": "after-hours-quarters", "sng2": null, "sng1": null, "mus2": null, "contestant": 61, "mus1": null, "song1": null, "song2": null}, "model": "bbs.performance", "pk": 10}, {"fields": {"prs2": null, "contest": 3, "contest_round": 1, "prs1": null, "men_on_stage": null, "appearance": 24, "slug": "tns-quarters", "sng2": null, "sng1": null, "mus2": null, "contestant": 62, "mus1": null, "song1": null, "song2": null}, "model": "bbs.performance", "pk": 11}, {"fields": {"prs2": null, "contest": 3, "contest_round": 1, "prs1": null, "men_on_stage": null, "appearance": 13, "slug": "throwback-quarters", "sng2": null, "sng1": null, "mus2": null, "contestant": 63, "mus1": null, "song1": null, "song2": null}, "model": "bbs.performance", "pk": 12}, {"fields": {"prs2": null, "contest": 3, "contest_round": 1, "prs1": null, "men_on_stage": null, "appearance": 47, "slug": "instant-classic-quarters", "sng2": null, "sng1": null, "mus2": null, "contestant": 64, "mus1": null, "song1": null, "song2": null}, "model": "bbs.performance", "pk": 13}, {"fields": {"prs2": null, "contest": 3, "contest_round": 1, "prs1": null, "men_on_stage": null, "appearance": 15, "slug": "artistic-license-quarters", "sng2": null, "sng1": null, "mus2": null, "contestant": 65, "mus1": null, "song1": null, "song2": null}, "model": "bbs.performance", "pk": 14}, {"fields": {"prs2": null, "contest": 3, "contest_round": 1, "prs1": null, "men_on_stage": null, "appearance": 46, "slug": "men-in-black-quarters", "sng2": null, "sng1": null, "mus2": null, "contestant": 66, "mus1": null, "song1": null, "song2": null}, "model": "bbs.performance", "pk": 15}, {"fields": {"prs2": null, "contest": 3, "contest_round": 1, "prs1": null, "men_on_stage": null, "appearance": 39, "slug": "hot-air-buffoons-quarters", "sng2": null, "sng1": null, "mus2": null, "contestant": 69, "mus1": null, "song1": null, "song2": null}, "model": "bbs.performance", "pk": 16}, {"fields": {"prs2": null, "contest": 3, "contest_round": 1, "prs1": null, "men_on_stage": null, "appearance": 6, "slug": "premium-blend-quarters", "sng2": null, "sng1": null, "mus2": null, "contestant": 71, "mus1": null, "song1": null, "song2": null}, "model": "bbs.performance", "pk": 17}, {"fields": {"prs2": null, "contest": 3, "contest_round": 1, "prs1": null, "men_on_stage": null, "appearance": 11, "slug": "frank-the-dog-quarters", "sng2": null, "sng1": null, "mus2": null, "contestant": 72, "mus1": null, "song1": null, "song2": null}, "model": "bbs.performance", "pk": 18}, {"fields": {"prs2": null, "contest": 3, "contest_round": 1, "prs1": null, "men_on_stage": null, "appearance": 52, "slug": "mcphly-quarters", "sng2": null, "sng1": null, "mus2": null, "contestant": 73, "mus1": null, "song1": null, "song2": null}, "model": "bbs.performance", "pk": 19}, {"fields": {"prs2": null, "contest": 3, "contest_round": 1, "prs1": null, "men_on_stage": null, "appearance": 50, "slug": "lunch-break-quarters", "sng2": null, "sng1": null, "mus2": null, "contestant": 74, "mus1": null, "song1": null, "song2": null}, "model": "bbs.performance", "pk": 20}, {"fields": {"prs2": null, "contest": 3, "contest_round": 1, "prs1": null, "men_on_stage": null, "appearance": 26, "slug": "95-north-quarters", "sng2": null, "sng1": null, "mus2": null, "contestant": 75, "mus1": null, "song1": null, "song2": null}, "model": "bbs.performance", "pk": 21}, {"fields": {"prs2": null, "contest": 3, "contest_round": 1, "prs1": null, "men_on_stage": null, "appearance": 5, "slug": "bonus-track-quarters", "sng2": null, "sng1": null, "mus2": null, "contestant": 76, "mus1": null, "song1": null, "song2": null}, "model": "bbs.performance", "pk": 22}, {"fields": {"prs2": null, "contest": 3, "contest_round": 1, "prs1": null, "men_on_stage": null, "appearance": 48, "slug": "common-core-quarters", "sng2": null, "sng1": null, "mus2": null, "contestant": 79, "mus1": null, "song1": null, "song2": null}, "model": "bbs.performance", "pk": 23}, {"fields": {"prs2": null, "contest": 3, "contest_round": 1, "prs1": null, "men_on_stage": null, "appearance": 28, "slug": "gimme-four-quarters", "sng2": null, "sng1": null, "mus2": null, "contestant": 80, "mus1": null, "song1": null, "song2": null}, "model": "bbs.performance", "pk": 24}, {"fields": {"prs2": null, "contest": 3, "contest_round": 1, "prs1": null, "men_on_stage": null, "appearance": 43, "slug": "trocadero-quarters", "sng2": null, "sng1": null, "mus2": null, "contestant": 81, "mus1": null, "song1": null, "song2": null}, "model": "bbs.performance", "pk": 25}, {"fields": {"prs2": null, "contest": 3, "contest_round": 1, "prs1": null, "men_on_stage": null, "appearance": 31, "slug": "gq-quarters", "sng2": null, "sng1": null, "mus2": null, "contestant": 83, "mus1": null, "song1": null, "song2": null}, "model": "bbs.performance", "pk": 26}, {"fields": {"prs2": null, "contest": 3, "contest_round": 1, "prs1": null, "men_on_stage": null, "appearance": 45, "slug": "sold-out-quarters", "sng2": null, "sng1": null, "mus2": null, "contestant": 84, "mus1": null, "song1": null, "song2": null}, "model": "bbs.performance", "pk": 27}, {"fields": {"prs2": null, "contest": 3, "contest_round": 1, "prs1": null, "men_on_stage": null, "appearance": 36, "slug": "tla-quarters", "sng2": null, "sng1": null, "mus2": null, "contestant": 85, "mus1": null, "song1": null, "song2": null}, "model": "bbs.performance", "pk": 28}, {"fields": {"prs2": null, "contest": 3, "contest_round": 1, "prs1": null, "men_on_stage": null, "appearance": 1, "slug": "reckless-quarters", "sng2": null, "sng1": null, "mus2": null, "contestant": 86, "mus1": null, "song1": "", "song2": ""}, "model": "bbs.performance", "pk": 29}, {"fields": {"prs2": null, "contest": 3, "contest_round": 1, "prs1": null, "men_on_stage": null, "appearance": 23, "slug": "absolut-quarters", "sng2": null, "sng1": null, "mus2": null, "contestant": 87, "mus1": null, "song1": null, "song2": null}, "model": "bbs.performance", "pk": 30}, {"fields": {"prs2": null, "contest": 3, "contest_round": 1, "prs1": null, "men_on_stage": null, "appearance": 8, "slug": "stockholm-syndrome-quarters", "sng2": null, "sng1": null, "mus2": null, "contestant": 88, "mus1": null, "song1": null, "song2": null}, "model": "bbs.performance", "pk": 31}, {"fields": {"prs2": null, "contest": 3, "contest_round": 1, "prs1": null, "men_on_stage": null, "appearance": 41, "slug": "the-society-quarters", "sng2": null, "sng1": null, "mus2": null, "contestant": 89, "mus1": null, "song1": null, "song2": null}, "model": "bbs.performance", "pk": 32}, {"fields": {"prs2": null, "contest": 3, "contest_round": 1, "prs1": null, "men_on_stage": null, "appearance": 44, "slug": "madison-park-quarters", "sng2": null, "sng1": null, "mus2": null, "contestant": 90, "mus1": null, "song1": null, "song2": null}, "model": "bbs.performance", "pk": 33}, {"fields": {"prs2": null, "contest": 3, "contest_round": 1, "prs1": null, "men_on_stage": null, "appearance": 38, "slug": "up-all-night-quarters", "sng2": null, "sng1": null, "mus2": null, "contestant": 93, "mus1": null, "song1": null, "song2": null}, "model": "bbs.performance", "pk": 34}, {"fields": {"prs2": null, "contest": 3, "contest_round": 1, "prs1": null, "men_on_stage": null, "appearance": 9, "slug": "mommas-boys-quarters", "sng2": null, "sng1": null, "mus2": null, "contestant": 94, "mus1": null, "song1": null, "song2": null}, "model": "bbs.performance", "pk": 35}, {"fields": {"prs2": null, "contest": 3, "contest_round": 1, "prs1": null, "men_on_stage": null, "appearance": 42, "slug": "vocal-edition-quarters", "sng2": null, "sng1": null, "mus2": null, "contestant": 95, "mus1": null, "song1": null, "song2": null}, "model": "bbs.performance", "pk": 36}, {"fields": {"prs2": null, "contest": 3, "contest_round": 1, "prs1": null, "men_on_stage": null, "appearance": 2, "slug": "mayhem-quarters", "sng2": null, "sng1": null, "mus2": null, "contestant": 96, "mus1": null, "song1": null, "song2": null}, "model": "bbs.performance", "pk": 37}, {"fields": {"prs2": null, "contest": 3, "contest_round": 1, "prs1": null, "men_on_stage": null, "appearance": 25, "slug": "the-con-men-quarters", "sng2": null, "sng1": null, "mus2": null, "contestant": 97, "mus1": null, "song1": null, "song2": null}, "model": "bbs.performance", "pk": 38}, {"fields": {"prs2": null, "contest": 3, "contest_round": 1, "prs1": null, "men_on_stage": null, "appearance": 18, "slug": "american-pastime-quarters", "sng2": null, "sng1": null, "mus2": null, "contestant": 98, "mus1": null, "song1": null, "song2": null}, "model": "bbs.performance", "pk": 39}, {"fields": {"prs2": null, "contest": 3, "contest_round": 1, "prs1": null, "men_on_stage": null, "appearance": 51, "slug": "test-drive-quarters", "sng2": null, "sng1": null, "mus2": null, "contestant": 99, "mus1": null, "song1": null, "song2": null}, "model": "bbs.performance", "pk": 40}, {"fields": {"prs2": null, "contest": 3, "contest_round": 1, "prs1": null, "men_on_stage": null, "appearance": 14, "slug": "downtown-crossing-quarters", "sng2": null, "sng1": null, "mus2": null, "contestant": 100, "mus1": null, "song1": null, "song2": null}, "model": "bbs.performance", "pk": 41}, {"fields": {"prs2": null, "contest": 3, "contest_round": 1, "prs1": null, "men_on_stage": null, "appearance": 40, "slug": "jam-session-quarters", "sng2": null, "sng1": null, "mus2": null, "contestant": 101, "mus1": null, "song1": null, "song2": null}, "model": "bbs.performance", "pk": 42}, {"fields": {"prs2": null, "contest": 3, "contest_round": 1, "prs1": null, "men_on_stage": null, "appearance": 21, "slug": "mc4-quarters", "sng2": null, "sng1": null, "mus2": null, "contestant": 102, "mus1": null, "song1": null, "song2": null}, "model": "bbs.performance", "pk": 43}, {"fields": {"prs2": null, "contest": 3, "contest_round": 1, "prs1": null, "men_on_stage": null, "appearance": 33, "slug": "zero-hour-quarters", "sng2": null, "sng1": null, "mus2": null, "contestant": 103, "mus1": null, "song1": null, "song2": null}, "model": "bbs.performance", "pk": 44}, {"fields": {"prs2": null, "contest": 3, "contest_round": 1, "prs1": null, "men_on_stage": null, "appearance": 49, "slug": "supertonic-quarters", "sng2": null, "sng1": null, "mus2": null, "contestant": 104, "mus1": null, "song1": null, "song2": null}, "model": "bbs.performance", "pk": 45}, {"fields": {"prs2": null, "contest": 3, "contest_round": 1, "prs1": null, "men_on_stage": null, "appearance": 22, "slug": "overture-quarters", "sng2": null, "sng1": null, "mus2": null, "contestant": 105, "mus1": null, "song1": null, "song2": null}, "model": "bbs.performance", "pk": 46}, {"fields": {"prs2": null, "contest": 3, "contest_round": 1, "prs1": null, "men_on_stage": null, "appearance": 37, "slug": "grand-design-quarters", "sng2": null, "sng1": null, "mus2": null, "contestant": 106, "mus1": null, "song1": null, "song2": null}, "model": "bbs.performance", "pk": 47}, {"fields": {"prs2": null, "contest": 3, "contest_round": 1, "prs1": null, "men_on_stage": null, "appearance": 53, "slug": "last-men-standing-quarters", "sng2": null, "sng1": null, "mus2": null, "contestant": 107, "mus1": null, "song1": null, "song2": null}, "model": "bbs.performance", "pk": 48}, {"fields": {"prs2": null, "contest": 3, "contest_round": 1, "prs1": null, "men_on_stage": null, "appearance": 16, "slug": "majestyx-quarters", "sng2": null, "sng1": null, "mus2": null, "contestant": 108, "mus1": null, "song1": null, "song2": null}, "model": "bbs.performance", "pk": 49}, {"fields": {"prs2": null, "contest": 3, "contest_round": 1, "prs1": null, "men_on_stage": null, "appearance": 20, "slug": "highland-drive-quarters", "sng2": null, "sng1": null, "mus2": null, "contestant": 109, "mus1": null, "song1": null, "song2": null}, "model": "bbs.performance", "pk": 50}, {"fields": {"prs2": null, "contest": 3, "contest_round": 1, "prs1": null, "men_on_stage": null, "appearance": 29, "slug": "fusion-quarters", "sng2": null, "sng1": null, "mus2": null, "contestant": 110, "mus1": null, "song1": null, "song2": null}, "model": "bbs.performance", "pk": 51}, {"fields": {"prs2": null, "contest": 3, "contest_round": 1, "prs1": null, "men_on_stage": null, "appearance": 7, "slug": "3-men-a-melody-quarters", "sng2": null, "sng1": null, "mus2": null, "contestant": 78, "mus1": null, "song1": null, "song2": null}, "model": "bbs.performance", "pk": 52}, {"fields": {"prs2": null, "contest": 3, "contest_round": 1, "prs1": null, "men_on_stage": 4, "appearance": 4, "slug": "newfangled-four-quarters", "sng2": null, "sng1": null, "mus2": null, "contestant": 70, "mus1": null, "song1": "", "song2": ""}, "model": "bbs.performance", "pk": 53}, {"fields": {"prs2": null, "contest": 3, "contest_round": 1, "prs1": null, "men_on_stage": 4, "appearance": 19, "slug": "round-midnight-quarters", "sng2": null, "sng1": null, "mus2": null, "contestant": 68, "mus1": null, "song1": "", "song2": ""}, "model": "bbs.performance", "pk": 54}, {"fields": {"prs2": null, "contest": 3, "contest_round": 1, "prs1": null, "men_on_stage": 4, "appearance": 27, "slug": "salty-dog-quarters", "sng2": null, "sng1": null, "mus2": null, "contestant": 111, "mus1": null, "song1": "", "song2": ""}, "model": "bbs.performance", "pk": 55}, {"fields": {"prs2": null, "contest": 3, "contest_round": 1, "prs1": null, "men_on_stage": 4, "appearance": 30, "slug": "q-tones-quarters", "sng2": null, "sng1": null, "mus2": null, "contestant": 82, "mus1": null, "song1": "", "song2": ""}, "model": "bbs.performance", "pk": 56}, {"fields": {"prs2": null, "contest": 4, "contest_round": 3, "prs1": null, "men_on_stage": 4, "appearance": 1, "slug": "vocal-revolution", "sng2": null, "sng1": null, "mus2": null, "contestant": 141, "mus1": null, "song1": null, "song2": null}, "model": "bbs.performance", "pk": 70}, {"fields": {"prs2": null, "contest": 4, "contest_round": 3, "prs1": null, "men_on_stage": 4, "appearance": 2, "slug": "southern-gateway-chorus", "sng2": null, "sng1": null, "mus2": null, "contestant": 133, "mus1": null, "song1": null, "song2": null}, "model": "bbs.performance", "pk": 71}, {"fields": {"prs2": null, "contest": 4, "contest_round": 3, "prs1": null, "men_on_stage": 4, "appearance": 3, "slug": "masters-of-harmony", "sng2": null, "sng1": null, "mus2": null, "contestant": 113, "mus1": null, "song1": null, "song2": null}, "model": "bbs.performance", "pk": 72}, {"fields": {"prs2": null, "contest": 4, "contest_round": 3, "prs1": null, "men_on_stage": 4, "appearance": 4, "slug": "upstate-harmonizers", "sng2": null, "sng1": null, "mus2": null, "contestant": 142, "mus1": null, "song1": null, "song2": null}, "model": "bbs.performance", "pk": 73}, {"fields": {"prs2": null, "contest": 4, "contest_round": 3, "prs1": null, "men_on_stage": 4, "appearance": 5, "slug": "central-standard", "sng2": null, "sng1": null, "mus2": null, "contestant": 119, "mus1": null, "song1": null, "song2": null}, "model": "bbs.performance", "pk": 74}, {"fields": {"prs2": null, "contest": 4, "contest_round": 3, "prs1": null, "men_on_stage": 4, "appearance": 6, "slug": "senate-aires", "sng2": null, "sng1": null, "mus2": null, "contestant": 137, "mus1": null, "song1": null, "song2": null}, "model": "bbs.performance", "pk": 75}, {"fields": {"prs2": null, "contest": 4, "contest_round": 3, "prs1": null, "men_on_stage": 4, "appearance": 8, "slug": "harbourtown-sound", "sng2": null, "sng1": null, "mus2": null, "contestant": 139, "mus1": null, "song1": null, "song2": null}, "model": "bbs.performance", "pk": 76}, {"fields": {"prs2": null, "contest": 4, "contest_round": 3, "prs1": null, "men_on_stage": 4, "appearance": 9, "slug": "saltaires", "sng2": null, "sng1": null, "mus2": null, "contestant": 132, "mus1": null, "song1": null, "song2": null}, "model": "bbs.performance", "pk": 77}, {"fields": {"prs2": null, "contest": 4, "contest_round": 3, "prs1": null, "men_on_stage": 4, "appearance": 10, "slug": "sound-of-illinois", "sng2": null, "sng1": null, "mus2": null, "contestant": 126, "mus1": null, "song1": null, "song2": null}, "model": "bbs.performance", "pk": 78}, {"fields": {"prs2": null, "contest": 4, "contest_round": 3, "prs1": null, "men_on_stage": 4, "appearance": 11, "slug": "voices-in-harmony", "sng2": null, "sng1": null, "mus2": null, "contestant": 130, "mus1": null, "song1": null, "song2": null}, "model": "bbs.performance", "pk": 79}, {"fields": {"prs2": null, "contest": 4, "contest_round": 3, "prs1": null, "men_on_stage": 4, "appearance": 12, "slug": "new-tradition", "sng2": null, "sng1": null, "mus2": null, "contestant": 129, "mus1": null, "song1": null, "song2": null}, "model": "bbs.performance", "pk": 80}, {"fields": {"prs2": null, "contest": 4, "contest_round": 3, "prs1": null, "men_on_stage": 4, "appearance": 13, "slug": "thx", "sng2": null, "sng1": null, "mus2": null, "contestant": 125, "mus1": null, "song1": null, "song2": null}, "model": "bbs.performance", "pk": 81}, {"fields": {"prs2": null, "contest": 4, "contest_round": 3, "prs1": null, "men_on_stage": 4, "appearance": 16, "slug": "voices-of-gotham", "sng2": null, "sng1": null, "mus2": null, "contestant": 122, "mus1": null, "song1": null, "song2": null}, "model": "bbs.performance", "pk": 82}, {"fields": {"prs2": null, "contest": 4, "contest_round": 3, "prs1": null, "men_on_stage": 4, "appearance": 17, "slug": "voices-of-california", "sng2": null, "sng1": null, "mus2": null, "contestant": 135, "mus1": null, "song1": null, "song2": null}, "model": "bbs.performance", "pk": 83}, {"fields": {"prs2": null, "contest": 4, "contest_round": 3, "prs1": null, "men_on_stage": 4, "appearance": 18, "slug": "palmetto-vocal-project", "sng2": null, "sng1": null, "mus2": null, "contestant": 140, "mus1": null, "song1": null, "song2": null}, "model": "bbs.performance", "pk": 84}, {"fields": {"prs2": null, "contest": 4, "contest_round": 3, "prs1": null, "men_on_stage": 4, "appearance": 19, "slug": "men-of-independence", "sng2": null, "sng1": null, "mus2": null, "contestant": 131, "mus1": null, "song1": null, "song2": null}, "model": "bbs.performance", "pk": 85}, {"fields": {"prs2": null, "contest": 4, "contest_round": 3, "prs1": null, "men_on_stage": 4, "appearance": 20, "slug": "vocal-majority", "sng2": null, "sng1": null, "mus2": null, "contestant": 112, "mus1": null, "song1": null, "song2": null}, "model": "bbs.performance", "pk": 86}, {"fields": {"prs2": null, "contest": 4, "contest_round": 3, "prs1": null, "men_on_stage": 4, "appearance": 21, "slug": "pathfinder-chorus", "sng2": null, "sng1": null, "mus2": null, "contestant": 123, "mus1": null, "song1": null, "song2": null}, "model": "bbs.performance", "pk": 87}, {"fields": {"prs2": null, "contest": 4, "contest_round": 3, "prs1": null, "men_on_stage": 4, "appearance": 22, "slug": "vocal-fx", "sng2": null, "sng1": null, "mus2": null, "contestant": 121, "mus1": null, "song1": null, "song2": null}, "model": "bbs.performance", "pk": 88}, {"fields": {"prs2": null, "contest": 4, "contest_round": 3, "prs1": null, "men_on_stage": 4, "appearance": 24, "slug": "sound-of-the-rockies", "sng2": null, "sng1": null, "mus2": null, "contestant": 116, "mus1": null, "song1": null, "song2": null}, "model": "bbs.performance", "pk": 89}, {"fields": {"prs2": null, "contest": 4, "contest_round": 3, "prs1": null, "men_on_stage": 4, "appearance": 26, "slug": "cottontown-chorus", "sng2": null, "sng1": null, "mus2": null, "contestant": 138, "mus1": null, "song1": null, "song2": null}, "model": "bbs.performance", "pk": 90}, {"fields": {"prs2": null, "contest": 4, "contest_round": 3, "prs1": null, "men_on_stage": 4, "appearance": 27, "slug": "the-alliance", "sng2": null, "sng1": null, "mus2": null, "contestant": 118, "mus1": null, "song1": null, "song2": null}, "model": "bbs.performance", "pk": 91}, {"fields": {"prs2": null, "contest": 4, "contest_round": 3, "prs1": null, "men_on_stage": 4, "appearance": 29, "slug": "atlanta-vocal-project", "sng2": null, "sng1": null, "mus2": null, "contestant": 124, "mus1": null, "song1": null, "song2": null}, "model": "bbs.performance", "pk": 92}, {"fields": {"prs2": null, "contest": 4, "contest_round": 3, "prs1": null, "men_on_stage": 4, "appearance": 30, "slug": "great-northern-union", "sng2": null, "sng1": null, "mus2": null, "contestant": 114, "mus1": null, "song1": null, "song2": null}, "model": "bbs.performance", "pk": 93}, {"fields": {"prs2": null, "contest": 4, "contest_round": 3, "prs1": null, "men_on_stage": 4, "appearance": 31, "slug": "music-city-chorus", "sng2": null, "sng1": null, "mus2": null, "contestant": 120, "mus1": null, "song1": null, "song2": null}, "model": "bbs.performance", "pk": 94}, {"fields": {"prs2": null, "contest": 4, "contest_round": 3, "prs1": null, "men_on_stage": 4, "appearance": 14, "slug": "houston-tidelanders", "sng2": null, "sng1": null, "mus2": null, "contestant": 128, "mus1": null, "song1": null, "song2": null}, "model": "bbs.performance", "pk": 95}, {"fields": {"prs2": null, "contest": 4, "contest_round": 3, "prs1": null, "men_on_stage": 4, "appearance": 28, "slug": "kvu", "sng2": null, "sng1": null, "mus2": null, "contestant": 117, "mus1": null, "song1": null, "song2": null}, "model": "bbs.performance", "pk": 96}, {"fields": {"prs2": null, "contest": 4, "contest_round": 3, "prs1": null, "men_on_stage": 4, "appearance": 15, "slug": "entertainmen", "sng2": null, "sng1": null, "mus2": null, "contestant": 136, "mus1": null, "song1": null, "song2": null}, "model": "bbs.performance", "pk": 97}, {"fields": {"prs2": null, "contest": 4, "contest_round": 3, "prs1": null, "men_on_stage": 4, "appearance": 23, "slug": "mountaintown-singers", "sng2": null, "sng1": null, "mus2": null, "contestant": 143, "mus1": null, "song1": null, "song2": null}, "model": "bbs.performance", "pk": 98}, {"fields": {"prs2": null, "contest": 4, "contest_round": 3, "prs1": null, "men_on_stage": 4, "appearance": 25, "slug": "spirit-of-phoenix", "sng2": null, "sng1": null, "mus2": null, "contestant": 134, "mus1": null, "song1": null, "song2": null}, "model": "bbs.performance", "pk": 99}, {"fields": {"codename": "add_permission", "name": "Can add permission", "content_type": 1}, "model": "auth.permission", "pk": 1}, {"fields": {"codename": "change_permission", "name": "Can change permission", "content_type": 1}, "model": "auth.permission", "pk": 2}, {"fields": {"codename": "delete_permission", "name": "Can delete permission", "content_type": 1}, "model": "auth.permission", "pk": 3}, {"fields": {"codename": "add_group", "name": "Can add group", "content_type": 2}, "model": "auth.permission", "pk": 4}, {"fields": {"codename": "change_group", "name": "Can change group", "content_type": 2}, "model": "auth.permission", "pk": 5}, {"fields": {"codename": "delete_group", "name": "Can delete group", "content_type": 2}, "model": "auth.permission", "pk": 6}, {"fields": {"codename": "add_user", "name": "Can add user", "content_type": 3}, "model": "auth.permission", "pk": 7}, {"fields": {"codename": "change_user", "name": "Can change user", "content_type": 3}, "model": "auth.permission", "pk": 8}, {"fields": {"codename": "delete_user", "name": "Can delete user", "content_type": 3}, "model": "auth.permission", "pk": 9}, {"fields": {"codename": "add_contenttype", "name": "Can add content type", "content_type": 4}, "model": "auth.permission", "pk": 10}, {"fields": {"codename": "change_contenttype", "name": "Can change content type", "content_type": 4}, "model": "auth.permission", "pk": 11}, {"fields": {"codename": "delete_contenttype", "name": "Can delete content type", "content_type": 4}, "model": "auth.permission", "pk": 12}, {"fields": {"codename": "add_session", "name": "Can add session", "content_type": 5}, "model": "auth.permission", "pk": 13}, {"fields": {"codename": "change_session", "name": "Can change session", "content_type": 5}, "model": "auth.permission", "pk": 14}, {"fields": {"codename": "delete_session", "name": "Can delete session", "content_type": 5}, "model": "auth.permission", "pk": 15}, {"fields": {"codename": "add_logentry", "name": "Can add log entry", "content_type": 6}, "model": "auth.permission", "pk": 16}, {"fields": {"codename": "change_logentry", "name": "Can change log entry", "content_type": 6}, "model": "auth.permission", "pk": 17}, {"fields": {"codename": "delete_logentry", "name": "Can delete log entry", "content_type": 6}, "model": "auth.permission", "pk": 18}, {"fields": {"codename": "add_contestant", "name": "Can add contestant", "content_type": 7}, "model": "auth.permission", "pk": 19}, {"fields": {"codename": "change_contestant", "name": "Can change contestant", "content_type": 7}, "model": "auth.permission", "pk": 20}, {"fields": {"codename": "delete_contestant", "name": "Can delete contestant", "content_type": 7}, "model": "auth.permission", "pk": 21}, {"fields": {"codename": "add_contest", "name": "Can add contest", "content_type": 8}, "model": "auth.permission", "pk": 22}, {"fields": {"codename": "change_contest", "name": "Can change contest", "content_type": 8}, "model": "auth.permission", "pk": 23}, {"fields": {"codename": "delete_contest", "name": "Can delete contest", "content_type": 8}, "model": "auth.permission", "pk": 24}, {"fields": {"codename": "add_score", "name": "Can add score", "content_type": 9}, "model": "auth.permission", "pk": 25}, {"fields": {"codename": "change_score", "name": "Can change score", "content_type": 9}, "model": "auth.permission", "pk": 26}, {"fields": {"codename": "delete_score", "name": "Can delete score", "content_type": 9}, "model": "auth.permission", "pk": 27}, {"fields": {"codename": "add_performance", "name": "Can add performance", "content_type": 10}, "model": "auth.permission", "pk": 28}, {"fields": {"codename": "change_performance", "name": "Can change performance", "content_type": 10}, "model": "auth.permission", "pk": 29}, {"fields": {"codename": "delete_performance", "name": "Can delete performance", "content_type": 10}, "model": "auth.permission", "pk": 30}, {"fields": {"username": "dbinetti", "first_name": "", "last_name": "", "is_active": true, "is_superuser": true, "is_staff": true, "last_login": "2014-06-10T18:32:45.542Z", "groups": [], "user_permissions": [], "password": "pbkdf2_sha256$12000$QEZ8WH6J7ByB$EZuWBHpFBWAE1BdLxjSl6IRnyGWSZ56vO3qhJGn0Q8s=", "email": "dbinetti@gmail.com", "date_joined": "2014-05-06T23:43:29.658Z"}, "model": "auth.user", "pk": 1}, {"fields": {"action_flag": 3, "action_time": "2014-05-07T14:54:50.896Z", "object_repr": "3 Men & A Melody", "object_id": "7", "change_message": "", "user": 1, "content_type": 7}, "model": "admin.logentry", "pk": 1}, {"fields": {"action_flag": 3, "action_time": "2014-05-07T14:54:50.910Z", "object_repr": "95 North", "object_id": "27", "change_message": "", "user": 1, "content_type": 7}, "model": "admin.logentry", "pk": 2}, {"fields": {"action_flag": 3, "action_time": "2014-05-07T14:54:50.917Z", "object_repr": "A Mighty Wind", "object_id": "35", "change_message": "", "user": 1, "content_type": 7}, "model": "admin.logentry", "pk": 3}, {"fields": {"action_flag": 3, "action_time": "2014-05-07T14:54:50.923Z", "object_repr": "Absolut", "object_id": "24", "change_message": "", "user": 1, "content_type": 7}, "model": "admin.logentry", "pk": 4}, {"fields": {"action_flag": 3, "action_time": "2014-05-07T14:54:50.929Z", "object_repr": "After Hours", "object_id": "36", "change_message": "", "user": 1, "content_type": 7}, "model": "admin.logentry", "pk": 5}, {"fields": {"action_flag": 3, "action_time": "2014-05-07T14:54:50.935Z", "object_repr": "American Pastime", "object_id": "19", "change_message": "", "user": 1, "content_type": 7}, "model": "admin.logentry", "pk": 6}, {"fields": {"action_flag": 3, "action_time": "2014-05-07T14:54:50.941Z", "object_repr": "Artistic License", "object_id": "15", "change_message": "", "user": 1, "content_type": 7}, "model": "admin.logentry", "pk": 7}, {"fields": {"action_flag": 3, "action_time": "2014-05-07T14:54:50.947Z", "object_repr": "BSQ", "object_id": "18", "change_message": "", "user": 1, "content_type": 7}, "model": "admin.logentry", "pk": 8}, {"fields": {"action_flag": 3, "action_time": "2014-05-07T14:54:50.954Z", "object_repr": "Bonus Track", "object_id": "5", "change_message": "", "user": 1, "content_type": 7}, "model": "admin.logentry", "pk": 9}, {"fields": {"action_flag": 3, "action_time": "2014-05-07T14:54:50.960Z", "object_repr": "Common Core", "object_id": "49", "change_message": "", "user": 1, "content_type": 7}, "model": "admin.logentry", "pk": 10}, {"fields": {"action_flag": 3, "action_time": "2014-05-07T14:54:50.968Z", "object_repr": "Da Capo", "object_id": "28", "change_message": "", "user": 1, "content_type": 7}, "model": "admin.logentry", "pk": 11}, {"fields": {"action_flag": 3, "action_time": "2014-05-07T14:54:50.974Z", "object_repr": "Downtown Crossing", "object_id": "14", "change_message": "", "user": 1, "content_type": 7}, "model": "admin.logentry", "pk": 12}, {"fields": {"action_flag": 3, "action_time": "2014-05-07T14:54:50.980Z", "object_repr": "Forefront", "object_id": "10", "change_message": "", "user": 1, "content_type": 7}, "model": "admin.logentry", "pk": 13}, {"fields": {"action_flag": 3, "action_time": "2014-05-07T14:54:50.986Z", "object_repr": "Frank the Dog", "object_id": "11", "change_message": "", "user": 1, "content_type": 7}, "model": "admin.logentry", "pk": 14}, {"fields": {"action_flag": 3, "action_time": "2014-05-07T14:54:50.992Z", "object_repr": "Fusion", "object_id": "30", "change_message": "", "user": 1, "content_type": 7}, "model": "admin.logentry", "pk": 15}, {"fields": {"action_flag": 3, "action_time": "2014-05-07T14:54:50.997Z", "object_repr": "GQ", "object_id": "32", "change_message": "", "user": 1, "content_type": 7}, "model": "admin.logentry", "pk": 16}, {"fields": {"action_flag": 3, "action_time": "2014-05-07T14:54:51.004Z", "object_repr": "Gimme Four", "object_id": "29", "change_message": "", "user": 1, "content_type": 7}, "model": "admin.logentry", "pk": 17}, {"fields": {"action_flag": 3, "action_time": "2014-05-07T14:54:51.010Z", "object_repr": "Grand Design", "object_id": "38", "change_message": "", "user": 1, "content_type": 7}, "model": "admin.logentry", "pk": 18}, {"fields": {"action_flag": 3, "action_time": "2014-05-07T14:54:51.017Z", "object_repr": "Highland Drive", "object_id": "21", "change_message": "", "user": 1, "content_type": 7}, "model": "admin.logentry", "pk": 19}, {"fields": {"action_flag": 3, "action_time": "2014-05-07T14:54:51.023Z", "object_repr": "Hot Air Buffoons", "object_id": "40", "change_message": "", "user": 1, "content_type": 7}, "model": "admin.logentry", "pk": 20}, {"fields": {"action_flag": 3, "action_time": "2014-05-07T14:54:51.029Z", "object_repr": "Instant Classic", "object_id": "48", "change_message": "", "user": 1, "content_type": 7}, "model": "admin.logentry", "pk": 21}, {"fields": {"action_flag": 3, "action_time": "2014-05-07T14:54:51.036Z", "object_repr": "Jam Session", "object_id": "41", "change_message": "", "user": 1, "content_type": 7}, "model": "admin.logentry", "pk": 22}, {"fields": {"action_flag": 3, "action_time": "2014-05-07T14:54:51.042Z", "object_repr": "Last Men Standing", "object_id": "54", "change_message": "", "user": 1, "content_type": 7}, "model": "admin.logentry", "pk": 23}, {"fields": {"action_flag": 3, "action_time": "2014-05-07T14:54:51.049Z", "object_repr": "Lemon Squeezy", "object_id": "33", "change_message": "", "user": 1, "content_type": 7}, "model": "admin.logentry", "pk": 24}, {"fields": {"action_flag": 3, "action_time": "2014-05-07T14:54:51.055Z", "object_repr": "Lunch Break", "object_id": "51", "change_message": "", "user": 1, "content_type": 7}, "model": "admin.logentry", "pk": 25}, {"fields": {"action_flag": 3, "action_time": "2014-05-07T14:54:51.060Z", "object_repr": "MC4", "object_id": "22", "change_message": "", "user": 1, "content_type": 7}, "model": "admin.logentry", "pk": 26}, {"fields": {"action_flag": 3, "action_time": "2014-05-07T14:54:51.067Z", "object_repr": "Madison Park", "object_id": "45", "change_message": "", "user": 1, "content_type": 7}, "model": "admin.logentry", "pk": 27}, {"fields": {"action_flag": 3, "action_time": "2014-05-07T14:54:51.073Z", "object_repr": "Main Street", "object_id": "12", "change_message": "", "user": 1, "content_type": 7}, "model": "admin.logentry", "pk": 28}, {"fields": {"action_flag": 3, "action_time": "2014-05-07T14:54:51.079Z", "object_repr": "Majestyx", "object_id": "16", "change_message": "", "user": 1, "content_type": 7}, "model": "admin.logentry", "pk": 29}, {"fields": {"action_flag": 3, "action_time": "2014-05-07T14:54:51.085Z", "object_repr": "Mayhem", "object_id": "2", "change_message": "", "user": 1, "content_type": 7}, "model": "admin.logentry", "pk": 30}, {"fields": {"action_flag": 3, "action_time": "2014-05-07T14:54:51.090Z", "object_repr": "McPhly", "object_id": "53", "change_message": "", "user": 1, "content_type": 7}, "model": "admin.logentry", "pk": 31}, {"fields": {"action_flag": 3, "action_time": "2014-05-07T14:54:51.096Z", "object_repr": "Men In Black", "object_id": "47", "change_message": "", "user": 1, "content_type": 7}, "model": "admin.logentry", "pk": 32}, {"fields": {"action_flag": 3, "action_time": "2014-05-07T14:54:51.102Z", "object_repr": "Momma's Boys", "object_id": "9", "change_message": "", "user": 1, "content_type": 7}, "model": "admin.logentry", "pk": 33}, {"fields": {"action_flag": 3, "action_time": "2014-05-07T14:54:51.108Z", "object_repr": "Musical Island Boys", "object_id": "3", "change_message": "", "user": 1, "content_type": 7}, "model": "admin.logentry", "pk": 34}, {"fields": {"action_flag": 3, "action_time": "2014-05-07T14:54:51.114Z", "object_repr": "Overture", "object_id": "23", "change_message": "", "user": 1, "content_type": 7}, "model": "admin.logentry", "pk": 35}, {"fields": {"action_flag": 3, "action_time": "2014-05-07T14:54:51.120Z", "object_repr": "Premium Blend", "object_id": "6", "change_message": "", "user": 1, "content_type": 7}, "model": "admin.logentry", "pk": 36}, {"fields": {"action_flag": 3, "action_time": "2014-05-07T14:54:51.126Z", "object_repr": "Q-Tones", "object_id": "31", "change_message": "", "user": 1, "content_type": 7}, "model": "admin.logentry", "pk": 37}, {"fields": {"action_flag": 3, "action_time": "2014-05-07T14:54:51.132Z", "object_repr": "Reckless", "object_id": "1", "change_message": "", "user": 1, "content_type": 7}, "model": "admin.logentry", "pk": 38}, {"fields": {"action_flag": 3, "action_time": "2014-05-07T14:54:51.138Z", "object_repr": "Round Midnight", "object_id": "20", "change_message": "", "user": 1, "content_type": 7}, "model": "admin.logentry", "pk": 39}, {"fields": {"action_flag": 3, "action_time": "2014-05-07T14:54:51.144Z", "object_repr": "Sold Out", "object_id": "46", "change_message": "", "user": 1, "content_type": 7}, "model": "admin.logentry", "pk": 40}, {"fields": {"action_flag": 3, "action_time": "2014-05-07T14:54:51.150Z", "object_repr": "Stockholm Syndrome", "object_id": "8", "change_message": "", "user": 1, "content_type": 7}, "model": "admin.logentry", "pk": 41}, {"fields": {"action_flag": 3, "action_time": "2014-05-07T14:54:51.155Z", "object_repr": "Supertonic", "object_id": "50", "change_message": "", "user": 1, "content_type": 7}, "model": "admin.logentry", "pk": 42}, {"fields": {"action_flag": 3, "action_time": "2014-05-07T14:54:51.163Z", "object_repr": "TLA", "object_id": "37", "change_message": "", "user": 1, "content_type": 7}, "model": "admin.logentry", "pk": 43}, {"fields": {"action_flag": 3, "action_time": "2014-05-07T14:54:51.170Z", "object_repr": "TNS", "object_id": "25", "change_message": "", "user": 1, "content_type": 7}, "model": "admin.logentry", "pk": 44}, {"fields": {"action_flag": 3, "action_time": "2014-05-07T14:54:51.176Z", "object_repr": "Test Drive", "object_id": "52", "change_message": "", "user": 1, "content_type": 7}, "model": "admin.logentry", "pk": 45}, {"fields": {"action_flag": 3, "action_time": "2014-05-07T14:54:51.182Z", "object_repr": "The Con Men", "object_id": "26", "change_message": "", "user": 1, "content_type": 7}, "model": "admin.logentry", "pk": 46}, {"fields": {"action_flag": 3, "action_time": "2014-05-07T14:54:51.188Z", "object_repr": "The Crush", "object_id": "17", "change_message": "", "user": 1, "content_type": 7}, "model": "admin.logentry", "pk": 47}, {"fields": {"action_flag": 3, "action_time": "2014-05-07T14:54:51.194Z", "object_repr": "The Newfangled Four", "object_id": "4", "change_message": "", "user": 1, "content_type": 7}, "model": "admin.logentry", "pk": 48}, {"fields": {"action_flag": 3, "action_time": "2014-05-07T14:54:51.200Z", "object_repr": "The Society", "object_id": "42", "change_message": "", "user": 1, "content_type": 7}, "model": "admin.logentry", "pk": 49}, {"fields": {"action_flag": 3, "action_time": "2014-05-07T14:54:51.207Z", "object_repr": "Throwback", "object_id": "13", "change_message": "", "user": 1, "content_type": 7}, "model": "admin.logentry", "pk": 50}, {"fields": {"action_flag": 3, "action_time": "2014-05-07T14:54:51.213Z", "object_repr": "Trocadero", "object_id": "44", "change_message": "", "user": 1, "content_type": 7}, "model": "admin.logentry", "pk": 51}, {"fields": {"action_flag": 3, "action_time": "2014-05-07T14:54:51.219Z", "object_repr": "Up All Night", "object_id": "39", "change_message": "", "user": 1, "content_type": 7}, "model": "admin.logentry", "pk": 52}, {"fields": {"action_flag": 3, "action_time": "2014-05-07T14:54:51.225Z", "object_repr": "Vocal Edition", "object_id": "43", "change_message": "", "user": 1, "content_type": 7}, "model": "admin.logentry", "pk": 53}, {"fields": {"action_flag": 3, "action_time": "2014-05-07T14:54:51.231Z", "object_repr": "Zero Hour", "object_id": "34", "change_message": "", "user": 1, "content_type": 7}, "model": "admin.logentry", "pk": 54}, {"fields": {"action_flag": 1, "action_time": "2014-05-21T12:49:15.212Z", "object_repr": "1", "object_id": "3", "change_message": "", "user": 1, "content_type": 8}, "model": "admin.logentry", "pk": 55}, {"fields": {"action_flag": 1, "action_time": "2014-05-21T12:50:06.095Z", "object_repr": "chorus", "object_id": "4", "change_message": "", "user": 1, "content_type": 8}, "model": "admin.logentry", "pk": 56}, {"fields": {"action_flag": 1, "action_time": "2014-05-21T12:50:22.659Z", "object_repr": "collegiate", "object_id": "5", "change_message": "", "user": 1, "content_type": 8}, "model": "admin.logentry", "pk": 57}, {"fields": {"action_flag": 2, "action_time": "2014-05-21T13:21:58.757Z", "object_repr": "3 Men & A Melody", "object_id": "78", "change_message": "Changed slug.", "user": 1, "content_type": 7}, "model": "admin.logentry", "pk": 58}, {"fields": {"action_flag": 1, "action_time": "2014-05-21T15:41:45.253Z", "object_repr": "Newfangled Four", "object_id": "53", "change_message": "", "user": 1, "content_type": 10}, "model": "admin.logentry", "pk": 59}, {"fields": {"action_flag": 1, "action_time": "2014-05-21T15:42:09.463Z", "object_repr": "'Round Midnight", "object_id": "54", "change_message": "", "user": 1, "content_type": 10}, "model": "admin.logentry", "pk": 60}, {"fields": {"action_flag": 1, "action_time": "2014-05-21T15:42:45.338Z", "object_repr": "Salty Dog", "object_id": "111", "change_message": "", "user": 1, "content_type": 7}, "model": "admin.logentry", "pk": 61}, {"fields": {"action_flag": 1, "action_time": "2014-05-21T15:43:03.264Z", "object_repr": "Salty Dog", "object_id": "55", "change_message": "", "user": 1, "content_type": 10}, "model": "admin.logentry", "pk": 62}, {"fields": {"action_flag": 2, "action_time": "2014-05-21T15:43:32.177Z", "object_repr": "Salty Dog", "object_id": "55", "change_message": "Changed appearance.", "user": 1, "content_type": 10}, "model": "admin.logentry", "pk": 63}, {"fields": {"action_flag": 1, "action_time": "2014-05-21T15:44:09.679Z", "object_repr": "Q Tones", "object_id": "56", "change_message": "", "user": 1, "content_type": 10}, "model": "admin.logentry", "pk": 64}, {"fields": {"action_flag": 2, "action_time": "2014-05-21T16:16:52.612Z", "object_repr": "Southern Gateway Chorus", "object_id": "133", "change_message": "Changed name.", "user": 1, "content_type": 7}, "model": "admin.logentry", "pk": 65}, {"fields": {"action_flag": 2, "action_time": "2014-05-21T16:17:13.195Z", "object_repr": "Senate-Aires", "object_id": "137", "change_message": "Changed name.", "user": 1, "content_type": 7}, "model": "admin.logentry", "pk": 66}, {"fields": {"action_flag": 2, "action_time": "2014-05-21T16:23:45.387Z", "object_repr": "Voices in Harmony", "object_id": "130", "change_message": "Changed name.", "user": 1, "content_type": 7}, "model": "admin.logentry", "pk": 67}, {"fields": {"action_flag": 2, "action_time": "2014-05-21T16:24:29.926Z", "object_repr": "KVU", "object_id": "117", "change_message": "Changed name.", "user": 1, "content_type": 7}, "model": "admin.logentry", "pk": 68}, {"fields": {"action_flag": 2, "action_time": "2014-05-21T16:24:43.022Z", "object_repr": "Houston Tidelanders", "object_id": "128", "change_message": "Changed name.", "user": 1, "content_type": 7}, "model": "admin.logentry", "pk": 69}, {"fields": {"action_flag": 2, "action_time": "2014-05-21T16:24:50.043Z", "object_repr": "EntertainMen", "object_id": "136", "change_message": "Changed name.", "user": 1, "content_type": 7}, "model": "admin.logentry", "pk": 70}, {"fields": {"action_flag": 2, "action_time": "2014-05-21T16:25:11.258Z", "object_repr": "MountainTown Singers", "object_id": "143", "change_message": "Changed name.", "user": 1, "content_type": 7}, "model": "admin.logentry", "pk": 71}, {"fields": {"action_flag": 2, "action_time": "2014-05-21T16:25:23.745Z", "object_repr": "Spirit of Phoenix", "object_id": "134", "change_message": "Changed name and slug.", "user": 1, "content_type": 7}, "model": "admin.logentry", "pk": 72}, {"fields": {"action_flag": 2, "action_time": "2014-05-21T16:25:37.022Z", "object_repr": "Entertainmen", "object_id": "136", "change_message": "Changed name.", "user": 1, "content_type": 7}, "model": "admin.logentry", "pk": 73}, {"fields": {"action_flag": 3, "action_time": "2014-05-21T18:10:38.299Z", "object_repr": "zero8", "object_id": "144", "change_message": "", "user": 1, "content_type": 7}, "model": "admin.logentry", "pk": 74}]